id,NOMBRE,precioCompra,precioCompra,precioCompra,PRECIOPUBLI,precioCompra,precioCompra,IVA,imagen,STOCK,familiaId,MarcaId
1,MICROCHIP,0,0,0,1300,0,0,22,Sin imagen,0,1,1
2,Iams Adult Large Breed 15kg,0,0,0,2855,0,0,22,Sin imagen,8,1,1
3,CERTIFICADO SANITARIO,0,0,0,2850,0,0,22,Sin imagen,0,1,1
4,artrin plus,0,0,0,480,0,0,22,Sin imagen,2,1,1
5,Apoquel 5.4mg (Caja),0,0,0,1715,0,0,22,Sin imagen,1,1,1
6,Atomo desinflamante x 30g,0,0,0,380,0,0,0,Sin imagen,0,1,1
7,CONSULTA DEPENDIENTES,0,0,0,1830,0,0,22,Sin imagen,0,1,1
8,ATOMO DESINFLAMANTE 100G,0,0,0,635,0,0,0,Sin imagen,0,1,1
9,MGAP,0,0,0,670,0,0,0,Sin imagen,0,1,1
10,Colirama,0,0,0,700,0,0,22,Sin imagen,0,1,1
11,Histopatologia Basica pieza menor a 3 cm,0,0,0,3890,0,0,22,Sin imagen,0,1,1
12,equilibrio gato light 1.5kg,0,0,0,740,0,0,22,Sin imagen,3,1,1
13,Apetil,0,0,0,980,0,0,22,Sin imagen,6,1,1
14,champion p Large,0,0,0,880,0,0,22,Sin imagen,0,1,1
15,Pileran gotas,0,0,0,580,0,0,22,Sin imagen,0,1,1
16,Cardial (Caja),0,0,0,1365,0,0,22,Sin imagen,15,1,1
17,correa club G15/120,0,0,0,380,0,0,22,Sin imagen,0,1,1
18,Ol trans,0,0,0,950,0,0,22,Sin imagen,12,1,1
19,NOREPINEFRINA AMPOLLA,0,0,0,290,0,0,10,Sin imagen,0,1,1
20,Cardial B (Caja),0,0,0,1700,0,0,22,Sin imagen,0,1,1
21,correa variant g25/190,0,0,0,890,0,0,22,Sin imagen,0,1,1
22,pimocard5,0,0,0,1120,0,0,22,Sin imagen,0,1,1
23,correa variant g15/190,0,0,0,530,0,0,22,Sin imagen,0,1,1
24,toracard,0,0,0,775,0,0,22,Sin imagen,5,1,1
25,correa variant g20/190,0,0,0,680,0,0,22,Sin imagen,0,1,1
26,PROTELIV EN COMPRIMIDOS,0,0,0,830,0,0,22,Sin imagen,0,1,1
27,daytona g20/120,0,0,0,730,0,0,22,Sin imagen,0,1,1
28,inadrim gotas,0,0,0,215,0,0,22,Sin imagen,17,1,1
29,daytona fantasy c25/53,0,0,0,840,0,0,22,Sin imagen,0,1,1
30,algen comprimidos,0,0,0,490,0,0,22,Sin imagen,5,1,1
31,arnes sport dog p small,0,0,0,1750,0,0,22,Sin imagen,0,1,1
32,Felifat,0,0,0,480,0,0,22,Sin imagen,12,1,1
33,arnes sport dog p M,0,0,0,1940,0,0,22,Sin imagen,0,1,1
34,PERFUMES FRAGANCE,0,0,0,390,0,0,22,Sin imagen,0,1,1
35,Osteocart Plus Blister,0,0,0,330,0,0,22,Sin imagen,2,1,1
36,arnes sport dog p xs,0,0,0,1490,0,0,22,Sin imagen,0,1,1
37,collar daytona fantasy c25/45,0,0,0,780,0,0,22,Sin imagen,0,1,1
38,CREMA 6A 15grms,0,0,0,377,0,0,0,Sin imagen,0,1,1
39,collar club c40/70,0,0,0,660,0,0,22,Sin imagen,0,1,1
40,CREMA 6A 30grms,0,0,0,606,0,0,0,Sin imagen,10,1,1
41,collar club c/15/44,0,0,0,305,0,0,22,Sin imagen,0,1,1
42,ELECTROCARDIOGRAMA,0,0,0,1500,0,0,22,Sin imagen,0,1,1
43,correa club g10/120,0,0,0,270,0,0,22,Sin imagen,0,1,1
44,Otiflex C,0,0,0,680,0,0,22,Sin imagen,0,1,1
45,correa club g20/120,0,0,0,510,0,0,22,Sin imagen,0,1,1
46,ocubiotic s/esteroides,0,0,0,600,0,0,0,Sin imagen,7,1,1
47,collar club cf25/45,0,0,0,535,0,0,22,Sin imagen,0,1,1
48,geriox blister  x 10comp,0,0,0,515,0,0,22,Sin imagen,19,1,1
49,collar club cf20/43,0,0,0,380,0,0,22,Sin imagen,0,1,1
50,Trihepat,0,0,0,1070,0,0,22,Sin imagen,7,1,1
51,Levotiroxina T4 0.8mg (Blister),0,0,0,400,0,0,22,Sin imagen,0,1,1
52,Tritohexidin Shampoo 250ml,0,0,0,730,0,0,22,Sin imagen,13,1,1
53,correa club g25/120,0,0,0,640,0,0,22,Sin imagen,0,1,1
54,Neumoflogin (Caja),0,0,0,1080,0,0,22,Sin imagen,13,1,1
55,arnes champion P Medium,0,0,0,645,0,0,22,Sin imagen,1,1,1
56,Tritohexidin plus spray,0,0,0,490,0,0,22,Sin imagen,0,1,1
57,arnes sport dog p large,0,0,0,2430,0,0,22,Sin imagen,0,1,1
58,collar club c20/56,0,0,0,340,0,0,22,Sin imagen,0,1,1
59,dermomicina,0,0,0,525,0,0,22,Sin imagen,5,1,1
60,meloxivet gotas,0,0,0,905,0,0,22,Sin imagen,0,1,1
61,arnes champion p,0,0,0,340,0,0,22,Sin imagen,0,1,1
62,HISTOPATOLOGIA - 3A6CM O 4 PIEZAS DE MENOS DE 2CM,0,0,0,5270,0,0,22,Sin imagen,0,1,1
63,arnes champion p small,0,0,0,420,0,0,22,Sin imagen,3,1,1
64,prednisol,0,0,0,450,0,0,22,Sin imagen,0,1,1
65,collar club c10/25,0,0,0,170,0,0,22,Sin imagen,0,1,1
66,Tramadol Gotas,0,0,0,1150,0,0,22,Sin imagen,17,1,1
67,collar club c10/32,0,0,0,210,0,0,22,Sin imagen,0,1,1
68,BILIRRUBINA TOTAL,0,0,0,285,0,0,22,Sin imagen,0,1,1
69,FENO B,0,0,0,420,0,0,22,Sin imagen,0,1,1
70,ropita corderito,0,0,0,970,0,0,22,Sin imagen,0,1,1
71,collar club c25/70,0,0,0,450,0,0,22,Sin imagen,0,1,1
72,apeticat,0,0,0,575,0,0,22,Sin imagen,2,1,1
73,arnes champion p XL,0,0,0,1195,0,0,22,Sin imagen,0,1,1
74,Gastroenteril,0,0,0,950,0,0,22,Sin imagen,0,1,1
75,collar club cf25/53,0,0,0,560,0,0,22,Sin imagen,0,1,1
76,juguetes para gato,0,0,0,220,0,0,22,Sin imagen,0,1,1
77,correa club g15/120,0,0,0,380,0,0,22,Sin imagen,0,1,1
78,palito con peluche para gato,0,0,0,330,0,0,22,Sin imagen,0,1,1
79,monosyn 0,0,0,0,410,0,0,10,Sin imagen,0,1,1
80,collar club cf15/35,0,0,0,345,0,0,22,Sin imagen,0,1,1
81,HISTOPATOLOGIA 4 PIEZAS DE 2CM O MAYORES DE 6CM,0,0,0,5330,0,0,22,Sin imagen,0,1,1
82,cadena ancha ,0,0,0,550,0,0,22,Sin imagen,0,1,1
83,cadena fina,0,0,0,420,0,0,22,Sin imagen,2,1,1
84,comida peces,0,0,0,90,0,0,22,Sin imagen,0,1,1
85,histocrem x 450g,0,0,0,1050,0,0,0,Sin imagen,3,1,1
86,daytona 20/43,0,0,0,590,0,0,22,Sin imagen,0,1,1
87,histocrem x 100g,0,0,0,650,0,0,0,Sin imagen,4,1,1
88,HISTOPATOLOGIA MAS DE 6CM O 4 PIEZAS DE MENOS DE 2CM,0,0,0,6000,0,0,22,Sin imagen,0,1,1
89,CAMA HUESITO,0,0,0,1200,0,0,22,Sin imagen,0,1,1
90,DOG UROLOGY X 3KG,0,0,0,2155,0,0,22,Sin imagen,1,1,1
91,HISTOPATOLOGIA CADENA MAMARIA MAS DE 7CM,0,0,0,8200,0,0,22,Sin imagen,0,1,1
92,club c20/56 colours M,0,0,0,395,0,0,22,Sin imagen,0,1,1
93,HISTOPATOLOGIA COLORACION ESPECIAL,0,0,0,950,0,0,22,Sin imagen,0,1,1
94,HISTOPATOLOGIA INMUNOHISTOQUIMICA,0,0,0,2930,0,0,22,Sin imagen,0,1,1
95,ANTIBIOGRAMA ADICIONAL,0,0,0,710,0,0,22,Sin imagen,0,1,1
96,REPETICION DE CULTIVO 2DA MUESTRA,0,0,0,970,0,0,22,Sin imagen,0,1,1
97,CONSULTA DOMICILIO,0,0,0,3570,0,0,22,Sin imagen,0,1,1
98,REPETICION UROCULTIVO 2DA MUESTRA,0,0,0,1150,0,0,22,Sin imagen,0,1,1
99,CULTIVO DE MALASSEZIA,0,0,0,1150,0,0,22,Sin imagen,0,1,1
100,CRYPTOSPORIDIUM PARVUM INMUNOCROMATOGRAFIA,0,0,0,1500,0,0,22,Sin imagen,0,1,1
101,TOMA DE MUESTRA PRUEBA DE ESTIMULACION DE ACTH,0,0,0,1770,0,0,22,Sin imagen,0,1,1
102,transportadora colores grande,0,0,0,1400,0,0,22,Sin imagen,0,1,1
103,PRUEBA DE SUPRESION CON DEXA A DOSIS ALTAS,0,0,0,2655,0,0,22,Sin imagen,0,1,1
104,TOXOPLASMOSIS,0,0,0,1560,0,0,22,Sin imagen,0,1,1
105,NEOSPORA CANINA,0,0,0,2655,0,0,22,Sin imagen,0,1,1
106,ropa post cirugia T2,0,0,0,600,0,0,22,Sin imagen,0,1,1
107,ropa post cirugia T3,0,0,0,665,0,0,22,Sin imagen,0,1,1
108,ropa post cirugia T4,0,0,0,700,0,0,22,Sin imagen,0,1,1
109,Equilibrio adulto raza pequenia 2kg,0,0,0,800,0,0,22,Sin imagen,0,1,1
110,equilibrio light small breads 2kg,0,0,0,769,0,0,22,Sin imagen,0,1,1
111,ropa post cirugia T5,0,0,0,760,0,0,22,Sin imagen,0,1,1
112,ropa post cirugia T6,0,0,0,850,0,0,22,Sin imagen,0,1,1
113,PREGABALINA 75MG COMPRIMIDO,0,0,0,45,0,0,10,Sin imagen,0,1,1
114,HELICOBACTER,0,0,0,1595,0,0,22,Sin imagen,0,1,1
115,VEGGIEDENT FR3SH BARRITA X 1,0,0,0,55,0,0,22,Sin imagen,0,1,1
116,CLOSTRIDIUM PERFRINGENS,0,0,0,1240,0,0,22,Sin imagen,0,1,1
117,VEGGIDENT S,0,0,0,555,0,0,22,Sin imagen,0,1,1
118,Piedras granuladas madera (CarePet),0,0,0,145,0,0,22,Sin imagen,4,1,1
119,INSEMINACION ARTIFICIAL,0,0,0,3800,0,0,22,Sin imagen,0,1,1
120,GABAPENTINA 400 BLISTER 10 COMP,0,0,0,1120,0,0,10,Sin imagen,0,1,1
121,BAÃ‘O CHICO PELO CORTO,0,0,0,550,0,0,22,Sin imagen,0,1,1
122,magnus original,0,0,0,195,0,0,22,Sin imagen,0,1,1
123,OTOHEMATOMA,0,0,0,4200,0,0,22,Sin imagen,0,1,1
124,palitas sanitarias ,0,0,0,115,0,0,22,Sin imagen,0,1,1
125,CRASIS SANGUINEA,0,0,0,3200,0,0,22,Sin imagen,0,1,1
126,comedero alimentacion lenta  5 en 1 grande ,0,0,0,700,0,0,22,Sin imagen,0,1,1
127,MORFINA,0,0,0,280,0,0,10,Sin imagen,12,1,1
128,palitos de colageno,0,0,0,60,0,0,22,Sin imagen,0,1,1
129,bandeja sanitaria c/palita,0,0,0,690,0,0,22,Sin imagen,0,1,1
130,FENTANILO AMPOLLA,0,0,0,125,0,0,10,Sin imagen,0,1,1
131,BILIRRUBINA DIRECTA,0,0,0,285,0,0,22,Sin imagen,0,1,1
132,SONDA GASTROTOMIA,0,0,0,3200,0,0,22,Sin imagen,0,1,1
133,Shampoo Natural Can 300ml,0,0,0,395,0,0,22,Sin imagen,0,1,1
134,TAPA BOCA,0,0,0,30,0,0,22,Sin imagen,0,1,1
135,pelota dura ,0,0,0,280,0,0,22,Sin imagen,0,1,1
136,PALLADIA 10MG,0,0,0,4200,0,0,22,Sin imagen,0,1,1
137,Mayor 10 pelo y piel (Blister),0,0,0,275,0,0,22,Sin imagen,27,1,1
138,GREEN PET,0,0,0,3575,0,0,22,Sin imagen,0,1,1
139,CALCIO TOTAL,0,0,0,425,0,0,22,Sin imagen,0,1,1
140,Bozal tela con color S,0,0,0,620,0,0,22,Sin imagen,0,1,1
141,Vetsolution gastrointestinal canino 150g,0,0,0,190,0,0,22,Sin imagen,0,1,1
142,CITOLOGIA REPETICION DE MUESTRA VETERINARIA DEL SOL,0,0,0,770,0,0,22,Sin imagen,0,1,1
143,VETSOLUTION RECOVERY 150G CANINO,0,0,0,190,0,0,22,Sin imagen,0,1,1
144,BAÃ‘O CHICO PELO LARGO,0,0,0,610,0,0,22,Sin imagen,0,1,1
145,vetsolution gastrointestinal felino 100g,0,0,0,210,0,0,22,Sin imagen,0,1,1
146,PATENTES,0,0,0,700,0,0,22,Sin imagen,0,1,1
147,MANITOL,0,0,0,190,0,0,10,Sin imagen,0,1,1
148,TORACOCENTESIS,0,0,0,1800,0,0,22,Sin imagen,0,1,1
149,Vet Solution GATOS Renal y Oxalatos,0,0,0,305,0,0,22,Sin imagen,0,1,1
150,LAVAJE ESTOMACAL,0,0,0,2500,0,0,22,Sin imagen,0,1,1
151,vetsolution recovery felino 100g,0,0,0,210,0,0,22,Sin imagen,0,1,1
152,CLAVOS,0,0,0,500,0,0,22,Sin imagen,0,1,1
153,Bozal tela con color M,0,0,0,635,0,0,22,Sin imagen,0,1,1
154,COLLAR ISABELINO,0,0,0,620,0,0,22,Sin imagen,0,1,1
155,arnes rojo L,0,0,0,690,0,0,22,Sin imagen,0,1,1
156,collar ahorque,0,0,0,220,0,0,22,Sin imagen,0,1,1
157,MIDAZOLAM,0,0,0,57,0,0,22,Sin imagen,0,1,1
158,collar ahorque 50kg,0,0,0,550,0,0,22,Sin imagen,0,1,1
159,COMISION POR PATENTES,0,0,0,170,0,0,22,Sin imagen,0,1,1
160,collar de ahorque 40kg,0,0,0,295,0,0,22,Sin imagen,0,1,1
161,ARTROSAN,0,0,0,350,0,0,22,Sin imagen,0,1,1
162,collar ahorque 70kg ,0,0,0,600,0,0,22,Sin imagen,0,1,1
163,collar ahorque 70kg largo,0,0,0,660,0,0,22,Sin imagen,0,1,1
164,SONDA URINARIA,0,0,0,850,0,0,22,Sin imagen,0,1,1
165,PELOTA MACIZA s,0,0,0,230,0,0,22,Sin imagen,0,1,1
166,BAÃ‘O MEDIANO PELO CORTO,0,0,0,695,0,0,22,Sin imagen,0,1,1
167,ENVIO DHL,0,0,0,5950,0,0,22,Sin imagen,0,1,1
168,pelota maciza M,0,0,0,450,0,0,22,Sin imagen,0,1,1
169,extraccion de sangre ANALISIS RABIA,0,0,0,2820,0,0,22,Sin imagen,0,1,1
170,pelota maciza L,0,0,0,710,0,0,22,Sin imagen,0,1,1
171,PENTOBARBITAL,0,0,0,240,0,0,22,Sin imagen,0,1,1
172,bandeja sanitaria ,0,0,0,280,0,0,22,Sin imagen,0,1,1
173,XILACINA,0,0,0,45,0,0,22,Sin imagen,0,1,1
174,quita rastas,0,0,0,470,0,0,22,Sin imagen,0,1,1
175,CARBAZOL,0,0,0,50,0,0,22,Sin imagen,0,1,1
176,plato anti deslizante xs,0,0,0,220,0,0,22,Sin imagen,0,1,1
177,COANONE,0,0,0,30,0,0,22,Sin imagen,0,1,1
178,plato anti deslizante chico,0,0,0,360,0,0,22,Sin imagen,0,1,1
179,INFUSOR,0,0,0,50,0,0,22,Sin imagen,0,1,1
180,plato anti deslizante M,0,0,0,415,0,0,22,Sin imagen,0,1,1
181,plato anti deslizante L,0,0,0,720,0,0,22,Sin imagen,0,1,1
182,plato anti deslizante XL,0,0,0,940,0,0,22,Sin imagen,0,1,1
183,VENDAJES,0,0,0,585,0,0,22,Sin imagen,0,1,1
184,rolo adhesivo quita pelo,0,0,0,220,0,0,22,Sin imagen,0,1,1
185,BATA / CAMPO / GUANTES,0,0,0,140,0,0,22,Sin imagen,0,1,1
186,BAÃ‘O MEDIANO PELO LARGO,0,0,0,730,0,0,22,Sin imagen,0,1,1
187,KARSIVAN (BLISTER),0,0,0,440,0,0,22,Sin imagen,0,1,1
188,toallita genico fresh te verde,0,0,0,365,0,0,22,Sin imagen,0,1,1
189,Pulgout Talco,0,0,0,190,0,0,22,Sin imagen,0,1,1
190,toallitas genico fresh,0,0,0,365,0,0,22,Sin imagen,0,1,1
191,g25/120,0,0,0,830,0,0,22,Sin imagen,0,1,1
192,toallitas genico fresh marine scented,0,0,0,365,0,0,22,Sin imagen,0,1,1
193,Ciprovet,0,0,0,790,0,0,0,Sin imagen,2,1,1
194,plato glam s gris,0,0,0,320,0,0,22,Sin imagen,0,1,1
195,fabamox duo 1g,0,0,0,925,0,0,10,Sin imagen,28,1,1
196,plato glam verde S,0,0,0,320,0,0,22,Sin imagen,0,1,1
197,furosemide,0,0,0,190,0,0,10,Sin imagen,6,1,1
198,plato glam M celeste,0,0,0,420,0,0,22,Sin imagen,0,1,1
199,Equilibrio Hepatico canino x 2Kg,0,0,0,882,0,0,22,Sin imagen,0,1,1
200,plato glam rojo M,0,0,0,420,0,0,22,Sin imagen,0,1,1
201,plato glam verde M ,0,0,0,420,0,0,22,Sin imagen,0,1,1
202,plato glam L marron,0,0,0,540,0,0,22,Sin imagen,0,1,1
203,Equilibrio Urinary canino x 2Kg,0,0,0,945,0,0,22,Sin imagen,0,1,1
204,plato glam L rojo,0,0,0,540,0,0,22,Sin imagen,0,1,1
205,Equilibrio Obsity and Diabetic canino x 2Kg,0,0,0,770,0,0,22,Sin imagen,0,1,1
206,plato glam L verde,0,0,0,540,0,0,22,Sin imagen,0,1,1
207,plato glam xs ,0,0,0,295,0,0,22,Sin imagen,0,1,1
208,cama violeta/celeste/gris,0,0,0,1815,0,0,22,Sin imagen,0,1,1
209,cama 45cm viol/gris,0,0,0,1450,0,0,22,Sin imagen,0,1,1
210,cama beige/gris 50cm,0,0,0,1950,0,0,22,Sin imagen,0,1,1
211,cama violeta/gris 60cm,0,0,0,2450,0,0,22,Sin imagen,0,1,1
212,cama 55cm (viol/gris/celes),0,0,0,1890,0,0,22,Sin imagen,0,1,1
213,plato doble M,0,0,0,115,0,0,22,Sin imagen,0,1,1
214,plato doble S,0,0,0,100,0,0,22,Sin imagen,0,1,1
215,plato doble L,0,0,0,160,0,0,22,Sin imagen,0,1,1
216,plato S alto,0,0,0,80,0,0,22,Sin imagen,0,1,1
217,Equilibrio Obesity and Diabetic felino x 2Kg,0,0,0,1338,0,0,22,Sin imagen,3,1,1
218,plato comun S,0,0,0,65,0,0,22,Sin imagen,0,1,1
219,BAÃ‘O GRANDE PELO CORTO,0,0,0,730,0,0,22,Sin imagen,0,1,1
220,dispensador M 750g,0,0,0,370,0,0,22,Sin imagen,0,1,1
221,dispensador L 1.500mg,0,0,0,465,0,0,22,Sin imagen,0,1,1
222,dispensador agua/comida M,0,0,0,350,0,0,22,Sin imagen,0,1,1
223,Bozal tela con color XL,0,0,0,670,0,0,22,Sin imagen,0,1,1
224,Dogal S,0,0,0,440,0,0,22,Sin imagen,0,1,1
225,Dogal M,0,0,0,470,0,0,22,Sin imagen,0,1,1
226,Dogal L,0,0,0,510,0,0,22,Sin imagen,0,1,1
227,Arnes negro con color,0,0,0,760,0,0,22,Sin imagen,0,1,1
228,adaptil+repuesto,0,0,0,1400,0,0,22,Sin imagen,0,1,1
229,giacoccide rojo,0,0,0,540,0,0,22,Sin imagen,0,1,1
230,Broadline 0.6 -2.5kg,0,0,0,510,0,0,22,Sin imagen,0,1,1
231,cetonemia,0,0,0,180,0,0,22,Sin imagen,0,1,1
232,Equilibrio Hipoalergenico x 2Kg,0,0,0,1163,0,0,22,Sin imagen,0,1,1
233,Arnes Rosado con colores,0,0,0,760,0,0,22,Sin imagen,0,1,1
234,Equilibrio Urinary felino x 2Kg,0,0,0,1443,0,0,22,Sin imagen,0,1,1
235,Arnes Violeta,0,0,0,795,0,0,22,Sin imagen,0,1,1
236,Equilibrio adulto All Breeds x 2Kg ,0,0,0,643,0,0,22,Sin imagen,0,1,1
237,Arnes negro XXL con colores,0,0,0,830,0,0,22,Sin imagen,0,1,1
238,arnes negro con color,0,0,0,850,0,0,22,Sin imagen,0,1,1
239,Equilibrio puppy razas pequenias x 2Kg,0,0,0,836,0,0,22,Sin imagen,0,1,1
240,ARNES FLOREADO,0,0,0,860,0,0,22,Sin imagen,0,1,1
241,Equilibrio puppy all breeds x 2Kg,0,0,0,731,0,0,22,Sin imagen,1,1,1
242,Correa Violeta,0,0,0,510,0,0,22,Sin imagen,0,1,1
243,Equilibrio renal canino x 2Kg,0,0,0,912,0,0,22,Sin imagen,0,1,1
244,COLLAR VIOLETA,0,0,0,470,0,0,22,Sin imagen,0,1,1
245,Collar Negro,0,0,0,490,0,0,22,Sin imagen,0,1,1
246,Equilibrio cardiaco caninos x 2Kg,0,0,0,882,0,0,22,Sin imagen,0,1,1
247,BAÃ‘O GRANDE PELO LARGO,0,0,0,810,0,0,22,Sin imagen,0,1,1
248,colesterol,0,0,0,285,0,0,22,Sin imagen,0,1,1
249,Equilibrio intestinal canino x 2Kg ,0,0,0,912,0,0,22,Sin imagen,0,1,1
250,Equilibrio puppy all breed x 15Kg,0,0,0,4317,0,0,22,Sin imagen,0,1,1
251,Equilibrio renal felino x 2Kg,0,0,0,1443,0,0,22,Sin imagen,1,1,1
252,perfume natural can ,0,0,0,480,0,0,22,Sin imagen,0,1,1
253,ESQUILA CHICO,0,0,0,990,0,0,22,Sin imagen,0,1,1
254,arnes y correa violeta XL,0,0,0,890,0,0,22,Sin imagen,0,1,1
255,Equilibrio adulto all breeds x 15Kg,0,0,0,3971,0,0,22,Sin imagen,0,1,1
256,stomorgyl ,0,0,0,895,0,0,22,Sin imagen,0,1,1
257,Equilibrio intestinal felino x 2Kg,0,0,0,1443,0,0,22,Sin imagen,0,1,1
258,iams gato 15k,0,0,0,3815,0,0,22,Sin imagen,0,1,1
259,proplan NF perro 2kg,0,0,0,1100,0,0,22,Sin imagen,3,1,1
260,neo entero sur,0,0,0,320,0,0,22,Sin imagen,5,1,1
261,proplan puppy razas peq 1kg,0,0,0,457,0,0,22,Sin imagen,2,1,1
262,colinesterasa serica,0,0,0,1150,0,0,22,Sin imagen,0,1,1
263,collares medianos ,0,0,0,490,0,0,22,Sin imagen,0,1,1
264,orejas ,0,0,0,50,0,0,22,Sin imagen,0,1,1
265,CK,0,0,0,620,0,0,22,Sin imagen,0,1,1
266,CAPA ALGODON Y CORDERITO S,0,0,0,440,0,0,22,Sin imagen,0,1,1
267,CAPA ALGODON Y CORDERITO M,0,0,0,530,0,0,22,Sin imagen,0,1,1
268,CAPA ALGODON Y CORDERITO L,0,0,0,620,0,0,22,Sin imagen,1,1,1
269,CAPA ALGODON Y CORDERITO,0,0,0,700,0,0,22,Sin imagen,0,1,1
270,proplan perro adulto 3k,0,0,0,1147,0,0,22,Sin imagen,0,1,1
271,Proplan urinary de gato 3k,0,0,0,1493,0,0,22,Sin imagen,0,1,1
272,proplan puppy 3k,0,0,0,1239,0,0,22,Sin imagen,0,1,1
273,Proplan adulto razas medianas/grandes 15kg,0,0,0,3748,0,0,22,Sin imagen,0,1,1
274,ESQUILA MEDIANO,0,0,0,1100,0,0,22,Sin imagen,0,1,1
275,proplan puppy complete 15kg,0,0,0,4051,0,0,22,Sin imagen,2,1,1
276,proplan urinary cat 1kg,0,0,0,527,0,0,22,Sin imagen,0,1,1
277,entero chronic xsobre,0,0,0,56,0,0,22,Sin imagen,27,1,1
278,GIARDIX,0,0,0,900,0,0,22,Sin imagen,0,1,1
279,calmurofel,0,0,0,1680,0,0,22,Sin imagen,0,1,1
280,PREDNI 40,0,0,0,520,0,0,22,Sin imagen,22,1,1
281,condrovet perro,0,0,0,1400,0,0,22,Sin imagen,0,1,1
282,MICOSEB SHAMPOO,0,0,0,760,0,0,22,Sin imagen,0,1,1
283,condrovet gato,0,0,0,2180,0,0,22,Sin imagen,5,1,1
284,capa hilo S,0,0,0,530,0,0,22,Sin imagen,0,1,1
285,laser para gato,0,0,0,240,0,0,22,Sin imagen,0,1,1
286,Proplan Kitten 1kg,0,0,0,545,0,0,22,Sin imagen,11,1,1
287,pelota gato con luces ,0,0,0,160,0,0,22,Sin imagen,0,1,1
288,Apoquel 16mg (Caja),0,0,0,2220,0,0,22,Sin imagen,3,1,1
289,ESQUILA GRANDE,0,0,0,1260,0,0,22,Sin imagen,0,1,1
290,Proplan Puppy Large Breed 15kg,0,0,0,4050,0,0,22,Sin imagen,0,1,1
291,hierba gatera ,0,0,0,275,0,0,22,Sin imagen,0,1,1
292,Proplan EN Perro 2kg,0,0,0,1100,0,0,22,Sin imagen,0,1,1
293,pescaditos x2,0,0,0,145,0,0,22,Sin imagen,0,1,1
294,Proplan  NF Perro 2kg,0,0,0,1097,0,0,22,Sin imagen,0,1,1
295,jueguete pescadito,0,0,0,130,0,0,22,Sin imagen,0,1,1
296,Proplan Gato Adulto 3kg,0,0,0,1418,0,0,22,Sin imagen,1,1,1
297,juguete para gato,0,0,0,220,0,0,22,Sin imagen,0,1,1
298,VACUNA PRIMERA DOSIS,0,0,0,1150,0,0,22,Sin imagen,0,1,1
299,rascador modern cat,0,0,0,280,0,0,22,Sin imagen,0,1,1
300,Proplan Gato Adulto 7.5kg,0,0,0,3359,0,0,22,Sin imagen,0,1,1
301,rascador grande ,0,0,0,430,0,0,22,Sin imagen,0,1,1
302,Proplan Urinary Gato 7.5kg,0,0,0,3536,0,0,22,Sin imagen,0,1,1
303,ratones x3,0,0,0,180,0,0,22,Sin imagen,0,1,1
304,cardina negra S,0,0,0,200,0,0,22,Sin imagen,0,1,1
305,comedero gato violeta,0,0,0,270,0,0,22,Sin imagen,0,1,1
306,cardina M,0,0,0,280,0,0,22,Sin imagen,0,1,1
307,furry ball,0,0,0,170,0,0,22,Sin imagen,0,1,1
308,Vetmedin,0,0,0,2275,0,0,22,Sin imagen,0,1,1
309,peluche con ultrasonido,0,0,0,490,0,0,22,Sin imagen,0,1,1
310,collar ahorque 55cm/60cm,0,0,0,220,0,0,22,Sin imagen,0,1,1
311,foodplement x 250g,0,0,0,570,0,0,22,Sin imagen,0,1,1
312,vaquita/mono,0,0,0,255,0,0,22,Sin imagen,0,1,1
313,correa redonda fina,0,0,0,320,0,0,22,Sin imagen,0,1,1
314,pasta de dientes + cepillo,0,0,0,470,0,0,22,Sin imagen,0,1,1
315,VACUNA SEGUNDA DOSIS,0,0,0,1260,0,0,22,Sin imagen,0,1,1
316,bone appetit S,0,0,0,230,0,0,22,Sin imagen,0,1,1
317,pelota x3 con sonido,0,0,0,415,0,0,22,Sin imagen,0,1,1
318,bone appetit L,0,0,0,560,0,0,22,Sin imagen,0,1,1
319,pechera estampada XS,0,0,0,530,0,0,22,Sin imagen,0,1,1
320,capa azul XS ranita,0,0,0,365,0,0,22,Sin imagen,0,1,1
321,pechera estampada S,0,0,0,580,0,0,22,Sin imagen,0,1,1
322,capa naranja ranita S,0,0,0,390,0,0,22,Sin imagen,0,1,1
323,arenero cerrado,0,0,0,950,0,0,22,Sin imagen,0,1,1
324,rastrillo,0,0,0,680,0,0,22,Sin imagen,0,1,1
325,siderremia,0,0,0,980,0,0,22,Sin imagen,0,1,1
326,capa repelente de insectos,0,0,0,430,0,0,22,Sin imagen,0,1,1
327,toallitas pet salon,0,0,0,280,0,0,22,Sin imagen,0,1,1
328,pechera estampada M,0,0,0,620,0,0,22,Sin imagen,0,1,1
329,pechera estampada L,0,0,0,680,0,0,22,Sin imagen,0,1,1
330,toallitas limpia lagrimas pet salon,0,0,0,240,0,0,22,Sin imagen,0,1,1
331,cucha nordica,0,0,0,690,0,0,22,Sin imagen,0,1,1
332,eukanuba adulto LB 15kg,0,0,0,3480,0,0,22,Sin imagen,3,1,1
333,cama soft 50cm,0,0,0,1100,0,0,22,Sin imagen,0,1,1
334,pelota de tenis x2,0,0,0,260,0,0,22,Sin imagen,0,1,1
335,membrana ,0,0,0,2100,0,0,22,Sin imagen,0,1,1
336,CREATININA,0,0,0,400,0,0,22,Sin imagen,0,1,1
337,capa polar con impermeable gris,0,0,0,1150,0,0,0,Sin imagen,0,1,1
338,rascador con juguetes,0,0,0,1300,0,0,22,Sin imagen,0,1,1
339,cama soft 60cm,0,0,0,1500,0,0,22,Sin imagen,0,1,1
340,plato celeste ,0,0,0,180,0,0,22,Sin imagen,0,1,1
341,cama soft 80cm,0,0,0,2500,0,0,22,Sin imagen,0,1,1
342,capita plush talle 1,0,0,0,430,0,0,22,Sin imagen,0,1,1
343,capita plush talle 2,0,0,0,520,0,0,22,Sin imagen,0,1,1
344,manta polar estampada,0,0,0,275,0,0,22,Sin imagen,0,1,1
345,FOSFATASA,0,0,0,400,0,0,22,Sin imagen,0,1,1
346,capita plush talle 3,0,0,0,650,0,0,22,Sin imagen,0,1,1
347,tricotomia,0,0,0,500,0,0,22,Sin imagen,0,1,1
348,VACUNA TERCERA DOSIS,0,0,0,1360,0,0,22,Sin imagen,0,1,1
349,yerba gatera tubito ,0,0,0,145,0,0,22,Sin imagen,0,1,1
350,capa polar plush 20cm,0,0,0,175,0,0,22,Sin imagen,0,1,1
351,bravecto 4.5-10kg,0,0,0,1270,0,0,22,Sin imagen,0,1,1
352,capa plush polar 25cm,0,0,0,200,0,0,22,Sin imagen,0,1,1
353,FOSFORO,0,0,0,300,0,0,22,Sin imagen,0,1,1
354,capa plush polar 30cm,0,0,0,255,0,0,22,Sin imagen,0,1,1
355,Toallitas humedas compostables,0,0,0,280,0,0,22,Sin imagen,0,1,1
356,gimnasio para gato grande,0,0,0,5000,0,0,22,Sin imagen,0,1,1
357,capa plush polar 35,0,0,0,270,0,0,22,Sin imagen,0,1,1
358,Eukanuba puppy MB 3k,0,0,0,1080,0,0,22,Sin imagen,1,1,1
359,incurin,0,0,0,1910,0,0,22,Sin imagen,0,1,1
360,capa plush polar 40,0,0,0,280,0,0,22,Sin imagen,0,1,1
361,GAMMA GT,0,0,0,285,0,0,22,Sin imagen,0,1,1
362,capa polar plush 45,0,0,0,310,0,0,22,Sin imagen,0,1,1
363,pelota pinchos colores 7cm,0,0,0,185,0,0,22,Sin imagen,0,1,1
364,capa polar plush 50cm,0,0,0,345,0,0,22,Sin imagen,0,1,1
365,METRONIDAZOL/ Metabolase,0,0,0,10,0,0,10,Sin imagen,0,1,1
366,dona verde,0,0,0,120,0,0,22,Sin imagen,0,1,1
367,botella agua para paseo,0,0,0,245,0,0,22,Sin imagen,0,1,1
368,capa plush polar 55,0,0,0,365,0,0,22,Sin imagen,0,1,1
369,carda s,0,0,0,320,0,0,22,Sin imagen,0,1,1
370,arnes estampado M,0,0,0,710,0,0,22,Sin imagen,2,1,1
371,carda M,0,0,0,390,0,0,22,Sin imagen,0,1,1
372,correa extensible,0,0,0,425,0,0,22,Sin imagen,0,1,1
373,peine verde/celeste,0,0,0,375,0,0,22,Sin imagen,0,1,1
374,LIMPIEZA DE DIENTES perro chico,0,0,0,8300,0,0,22,Sin imagen,0,1,1
375,corta unias grande,0,0,0,390,0,0,22,Sin imagen,0,1,1
376,juguete chico hueso tela con cuerda ,0,0,0,220,0,0,22,Sin imagen,0,1,1
377,carda ovalada,0,0,0,520,0,0,22,Sin imagen,0,1,1
378,juguete grande hueso tela con cuerda,0,0,0,280,0,0,22,Sin imagen,0,1,1
379,rolo adhesivo quita pelo,0,0,0,240,0,0,22,Sin imagen,0,1,1
380,Meloxicam 4mg Blister,0,0,0,336,0,0,22,Sin imagen,27,1,1
381,bolsas x4 baby powder,0,0,0,160,0,0,22,Sin imagen,0,1,1
382,aristos 20mg,0,0,0,507,0,0,22,Sin imagen,0,1,1
383,BOLSAS LAVANDA X4 ,0,0,0,160,0,0,22,Sin imagen,6,1,1
384,paniales tres sec 60x90 paquete x20,0,0,0,780,0,0,22,Sin imagen,0,1,1
385,dogal 1,0,0,0,210,0,0,22,Sin imagen,0,1,1
386,Limpieza de dientes de perro grande,0,0,0,9500,0,0,22,Sin imagen,0,1,1
387,paniales tres sec 60x90 unidad,0,0,0,50,0,0,22,Sin imagen,0,1,1
388,dogal 2,0,0,0,280,0,0,22,Sin imagen,0,1,1
389,virbac kidney support 3 kg perro,0,0,0,2109,0,0,22,Sin imagen,2,1,1
390,dogal 3,0,0,0,350,0,0,22,Sin imagen,0,1,1
391,capillo para banio,0,0,0,110,0,0,22,Sin imagen,0,1,1
392,dogal 4,0,0,0,390,0,0,22,Sin imagen,0,1,1
393,correa para auto,0,0,0,145,0,0,22,Sin imagen,0,1,1
394,dogal 5,0,0,0,410,0,0,22,Sin imagen,0,1,1
395,TRANSFUSION DE SANGRE ,0,0,0,3680,0,0,22,Sin imagen,0,1,1
396, collar XL reforzado,0,0,0,1030,0,0,22,Sin imagen,0,1,1
397,dogal 6,0,0,0,430,0,0,22,Sin imagen,0,1,1
398,bombacha S,0,0,0,295,0,0,22,Sin imagen,1,1,1
399,jeringa dosificadora de pastillas,0,0,0,210,0,0,22,Sin imagen,0,1,1
400,bombacha M ,0,0,0,315,0,0,22,Sin imagen,1,1,1
401,FLUIDOTERAPIA,0,0,0,750,0,0,22,Sin imagen,0,1,1
402,bombacha L,0,0,0,330,0,0,22,Sin imagen,5,1,1
403,capa impermeable azul c/rojo,0,0,0,1360,0,0,22,Sin imagen,0,1,1
404,Bombacha XL,0,0,0,335,0,0,22,Sin imagen,2,1,1
405,capa impermeable azul c/ amarillo,0,0,0,1500,0,0,22,Sin imagen,0,1,1
406,bombacha XXL,0,0,0,350,0,0,22,Sin imagen,0,1,1
407,plato gris,0,0,0,265,0,0,22,Sin imagen,0,1,1
408,arnes aesily-fit S,0,0,0,445,0,0,22,Sin imagen,0,1,1
409,arnes easily-fit M,0,0,0,550,0,0,22,Sin imagen,0,1,1
410,spiky ball ,0,0,0,190,0,0,22,Sin imagen,0,1,1
411,Galletitas Dental Plus 180grms (todos los sabores),0,0,0,380,0,0,22,Sin imagen,0,1,1
412,Galletas Human Grade 460grms (todos los sabores),0,0,0,460,0,0,22,Sin imagen,3,1,1
413,pelota grande fuxia,0,0,0,425,0,0,22,Sin imagen,0,1,1
414,capa para lluvia desmontable ,0,0,0,700,0,0,22,Sin imagen,1,1,1
415,Galletas Human Grade 120grms (todos los sabores),0,0,0,300,0,0,22,Sin imagen,9,1,1
416,PELOTA GOMA CHICA,0,0,0,260,0,0,22,Sin imagen,0,1,1
417,capa reflectiva S/M,0,0,0,250,0,0,22,Sin imagen,0,1,1
418,correa fina de paseo,0,0,0,175,0,0,22,Sin imagen,0,1,1
419,HistopatologÃ­a -EsplenectomÃ­a hasta 5 diferentes fragmentos,0,0,0,5570,0,0,22,Sin imagen,0,1,1
420,pelota tenis,0,0,0,60,0,0,22,Sin imagen,0,1,1
421,correa cadena mediana,0,0,0,250,0,0,22,Sin imagen,0,1,1
422,bravecto 10-20,0,0,0,1515,0,0,22,Sin imagen,0,1,1
423,PELOTA GOMA VERDE ,0,0,0,315,0,0,22,Sin imagen,0,1,1
424,DORAMECTINA X ML,0,0,0,120,0,0,22,Sin imagen,0,1,1
425,bravecto 40 a 56,0,0,0,2150,0,0,22,Sin imagen,0,1,1
426,pelota doble,0,0,0,290,0,0,22,Sin imagen,0,1,1
427,correa cadena grande,0,0,0,320,0,0,22,Sin imagen,0,1,1
428,krack bone,0,0,0,270,0,0,22,Sin imagen,0,1,1
429,correa redonda,0,0,0,335,0,0,22,Sin imagen,0,1,1
430,pelota con luces S,0,0,0,285,0,0,22,Sin imagen,0,1,1
431,Excellent Adulto x 3Kg,0,0,0,1107,0,0,22,Sin imagen,0,1,1
432,pelota con luz L,0,0,0,540,0,0,22,Sin imagen,0,1,1
433,collar importado 4 capas,0,0,0,270,0,0,22,Sin imagen,0,1,1
434,pelota arcoiris S,0,0,0,150,0,0,22,Sin imagen,0,1,1
435,ENROFLOXACINA,0,0,0,35,0,0,22,Sin imagen,0,1,1
436,correa trenzada fina ,0,0,0,510,0,0,22,Sin imagen,0,1,1
437,pelotas x3,0,0,0,335,0,0,22,Sin imagen,0,1,1
438,Vitalflex (caja),0,0,0,1260,0,0,22,Sin imagen,0,1,1
439,cuerda 2 nudos,0,0,0,142,0,0,22,Sin imagen,0,1,1
440,collar fantasia gato,0,0,0,150,0,0,22,Sin imagen,0,1,1
441,cuerda 3 nudos,0,0,0,220,0,0,22,Sin imagen,0,1,1
442,plato acero,0,0,0,260,0,0,22,Sin imagen,0,1,1
443,plato acero,0,0,0,360,0,0,22,Sin imagen,0,1,1
444,arnes con correa ositos M,0,0,0,680,0,0,22,Sin imagen,0,1,1
445,plato acero,0,0,0,420,0,0,22,Sin imagen,0,1,1
446,bozal nÂ°5 de goma,0,0,0,800,0,0,22,Sin imagen,1,1,1
447,plato acero,0,0,0,560,0,0,22,Sin imagen,0,1,1
448,bozal num 3 canasta,0,0,0,270,0,0,22,Sin imagen,0,1,1
449,bozal nÂ°3 de goma,0,0,0,700,0,0,22,Sin imagen,0,1,1
450,bozal nÂº2 goma,0,0,0,600,0,0,22,Sin imagen,0,1,1
451,bozal nÂ°1 goma,0,0,0,500,0,0,22,Sin imagen,0,1,1
452,bozal num 4 canasta,0,0,0,310,0,0,22,Sin imagen,0,1,1
453,bozal num 5 canasta,0,0,0,350,0,0,22,Sin imagen,0,1,1
454,pelotas de tenis x3,0,0,0,250,0,0,22,Sin imagen,0,1,1
455,Kitty Sand x 3.8L,0,0,0,380,0,0,22,Sin imagen,0,1,1
456,CERENIA,0,0,0,115,0,0,22,Sin imagen,0,1,1
457,cuerda de trapillo,0,0,0,105,0,0,22,Sin imagen,0,1,1
458,paniales tres sec x20 60X40,0,0,0,390,0,0,22,Sin imagen,0,1,1
459,InternaciÃ³n,0,0,0,1600,0,0,22,Sin imagen,0,1,1
460,monstruos juguete,0,0,0,360,0,0,22,Sin imagen,0,1,1
461,Tonanvit,0,0,0,370,0,0,22,Sin imagen,16,1,1
462,dormilon gabardina 75x100,0,0,0,815,0,0,22,Sin imagen,0,1,1
463,peluche sapo,0,0,0,290,0,0,22,Sin imagen,0,1,1
464,dormilon gabardina 65x75,0,0,0,725,0,0,22,Sin imagen,0,1,1
465,dormilon polar nÂ°2,0,0,0,1000,0,0,22,Sin imagen,0,1,1
466,moises polar,0,0,0,840,0,0,22,Sin imagen,0,1,1
467,palita sanitaria,0,0,0,30,0,0,22,Sin imagen,0,1,1
468,peluche monstruo violeta ,0,0,0,290,0,0,22,Sin imagen,0,1,1
469,Cuota mutual 1 mascota,0,0,0,550,0,0,22,Sin imagen,0,1,1
470,peluche monstruos,0,0,0,290,0,0,22,Sin imagen,0,1,1
471,CONVENIA,0,0,0,725,0,0,22,Sin imagen,0,1,1
472,arnes de gato ,0,0,0,490,0,0,22,Sin imagen,1,1,1
473,hilo monosyn 2/0,0,0,0,390,0,0,10,Sin imagen,0,1,1
474,cat toy con luz,0,0,0,110,0,0,22,Sin imagen,0,1,1
475,correa flexi XS,0,0,0,805,0,0,22,Sin imagen,0,1,1
476,plato comun S,0,0,0,90,0,0,22,Sin imagen,0,1,1
477,correa flexi S,0,0,0,955,0,0,22,Sin imagen,0,1,1
478,FRUCTOSAMINA,0,0,0,1600,0,0,22,Sin imagen,0,1,1
479,Clavaseptin 50mg (Blister),0,0,0,380,0,0,22,Sin imagen,20,1,1
480,Correa Flexi M,0,0,0,1650,0,0,22,Sin imagen,0,1,1
481,GPT / ALT,0,0,0,285,0,0,22,Sin imagen,0,1,1
482,CORREA FLEXI LARGE,0,0,0,1925,0,0,22,Sin imagen,0,1,1
483,Raffy (comida tortuga 50grms),0,0,0,360,0,0,22,Sin imagen,4,1,1
484,rimadyl 100mg,0,0,0,80,0,0,22,Sin imagen,24,1,1
485,Arnes Rojo con colores,0,0,0,795,0,0,22,Sin imagen,0,1,1
486,bandana,0,0,0,290,0,0,22,Sin imagen,0,1,1
487,GOT/ AST,0,0,0,285,0,0,22,Sin imagen,0,1,1
488,Correa negra con colorcito,0,0,0,530,0,0,22,Sin imagen,0,1,1
489,GLICEMIA MUESTRA,0,0,0,285,0,0,22,Sin imagen,0,1,1
490,cuerda chica,0,0,0,180,0,0,22,Sin imagen,0,1,1
491,LDH LACTATO DESHIDROGENASA,0,0,0,390,0,0,22,Sin imagen,0,1,1
492,cuerda ancha,0,0,0,330,0,0,22,Sin imagen,0,1,1
493,cuerda doble,0,0,0,320,0,0,22,Sin imagen,0,1,1
494,HDL,0,0,0,390,0,0,22,Sin imagen,0,1,1
495,Yerba gatera,0,0,0,240,0,0,22,Sin imagen,0,1,1
496,MAGNESIO,0,0,0,425,0,0,22,Sin imagen,0,1,1
497,Bombacha de Celo M,0,0,0,365,0,0,22,Sin imagen,0,1,1
498,PROTEINAS TOTALES,0,0,0,285,0,0,22,Sin imagen,0,1,1
499,Bombacha de Celo L,0,0,0,495,0,0,22,Sin imagen,0,1,1
500,iams cat 1kg,0,0,0,475,0,0,22,Sin imagen,2,1,1
501,PEF PROTEINOGRAMA ELECTROFORETICO,0,0,0,2270,0,0,22,Sin imagen,0,1,1
502,GASTRINE,0,0,0,25,0,0,22,Sin imagen,0,1,1
503,Kitty Sand x 16L,0,0,0,1550,0,0,22,Sin imagen,0,1,1
504,TRIGLICERIDOS,0,0,0,310,0,0,22,Sin imagen,0,1,1
505,UREA/ AZOEMIA,0,0,0,400,0,0,22,Sin imagen,0,1,1
506,a/d felino lata,0,0,0,340,0,0,22,Sin imagen,14,1,1
507,privaprol,0,0,0,2030,0,0,22,Sin imagen,0,1,1
508,Anticuerpo Antinuclear,0,0,0,3000,0,0,22,Sin imagen,0,1,1
509,Medroxi (Blister),0,0,0,140,0,0,22,Sin imagen,12,1,1
510,Aca No 1 Litro,0,0,0,1110,0,0,22,Sin imagen,2,1,1
511,MULTICILINA/DIPIRONA/GENTAMICINA,0,0,0,20,0,0,22,Sin imagen,0,1,1
512,dispensador agua y comida azul/gris,0,0,0,750,0,0,22,Sin imagen,0,1,1
513,Aca No Spray 400ml,0,0,0,900,0,0,22,Sin imagen,2,1,1
514,DEXA,0,0,0,35,0,0,0,Sin imagen,0,1,1
515,cama patitas y camuflada,0,0,0,1200,0,0,22,Sin imagen,0,1,1
516,Aca NO Aerosol ,0,0,0,810,0,0,22,Sin imagen,0,1,1
517,Acepet x comprimido,0,0,0,65,0,0,22,Sin imagen,0,1,1
518,Capas polar con botones,0,0,0,450,0,0,0,Sin imagen,0,1,1
519,cama xxxl reversible,0,0,0,1900,0,0,22,Sin imagen,0,1,1
520,CAMAS XXL REVERSIBLES,0,0,0,1680,0,0,22,Sin imagen,1,1,1
521,acidos biliares ,0,0,0,680,0,0,22,Sin imagen,0,1,1
522,COLCHON CAPITONEADO,0,0,0,1490,0,0,22,Sin imagen,0,1,1
523,Adaptil Difusor Perro,0,0,0,1850,0,0,22,Sin imagen,1,1,1
524,CAMA XXL JIRAFA,0,0,0,1900,0,0,22,Sin imagen,0,1,1
525,CAMA REVERSIBLE CHICA,0,0,0,1200,0,0,22,Sin imagen,0,1,1
526,Vet solution Renal Perro,0,0,0,250,0,0,22,Sin imagen,12,1,1
527,DIAZEPAM,0,0,0,45,0,0,22,Sin imagen,923,1,1
528,aristos 80 mg,0,0,0,1015,0,0,22,Sin imagen,0,1,1
529,KETAMINA,0,0,0,40,0,0,22,Sin imagen,0,1,1
530,ALGEN INYECTABLE,0,0,0,80,0,0,0,Sin imagen,403,1,1
531,RADIOGRAFIA,0,0,0,1660,0,0,22,Sin imagen,0,1,1
532,Cuota mutual 2 mascotas,0,0,0,870,0,0,22,Sin imagen,0,1,1
533,ECOGRAFIA,0,0,0,1660,0,0,22,Sin imagen,0,1,1
534,Adipred,0,0,0,190,0,0,22,Sin imagen,2,1,1
535,ECOCARDIO,0,0,0,2380,0,0,22,Sin imagen,0,1,1
536,panial carbon (charcoal),0,0,0,50,0,0,22,Sin imagen,0,1,1
537,Guante peine (Trixie),0,0,0,310,0,0,22,Sin imagen,0,1,1
538,mepromazin 25mg,0,0,0,65,0,0,22,Sin imagen,0,1,1
539,miprased,0,0,0,1165,0,0,22,Sin imagen,0,1,1
540,Pipi Aqui Spray TRIXIE,0,0,0,406,0,0,22,Sin imagen,0,1,1
541,sobrecitos pedigree ,0,0,0,45,0,0,22,Sin imagen,138,1,1
542,Calcio MZ,0,0,0,780,0,0,22,Sin imagen,4,1,1
543,Hepagen 1cc,0,0,0,30,0,0,22,Sin imagen,0,1,1
544,pelota tenis grande,0,0,0,215,0,0,22,Sin imagen,0,1,1
545,collar con bandana mediano,0,0,0,180,0,0,22,Sin imagen,0,1,1
546,CATETER,0,0,0,90,0,0,22,Sin imagen,0,1,1
547,plato melamina blanco/verde,0,0,0,400,0,0,22,Sin imagen,0,1,1
548,bolsas para caca x4,0,0,0,190,0,0,22,Sin imagen,2,1,1
549,HOJA BISTURI,0,0,0,15,0,0,22,Sin imagen,0,1,1
550,Collar para gato Animal Planet,0,0,0,250,0,0,22,Sin imagen,0,1,1
551,ACEITE CANNABIS,0,0,0,1400,0,0,22,Sin imagen,0,1,1
552,HILO NYLON,0,0,0,130,0,0,10,Sin imagen,0,1,1
553,comedero anti ansiedad,0,0,0,210,0,0,22,Sin imagen,0,1,1
554,HILO MONOSYN 3/0,0,0,0,300,0,0,10,Sin imagen,0,1,1
555,plato naranja grande,0,0,0,430,0,0,22,Sin imagen,0,1,1
556,hueso de goma violeta,0,0,0,230,0,0,22,Sin imagen,0,1,1
557,DRENAJE CHICO,0,0,0,665,0,0,22,Sin imagen,0,1,1
558,Juguete gato plumero,0,0,0,520,0,0,22,Sin imagen,0,1,1
559,DRENAJE GRANDE,0,0,0,525,0,0,22,Sin imagen,0,1,1
560,Uniflox E,0,0,0,370,0,0,22,Sin imagen,11,1,1
561,Rascador con pelota,0,0,0,690,0,0,22,Sin imagen,0,1,1
562,iams adult small/medium/large 3k,0,0,0,870,0,0,22,Sin imagen,5,1,1
563,capa capitoneada azul ,0,0,0,600,0,0,22,Sin imagen,1,1,1
564,adicefax,0,0,0,290,0,0,22,Sin imagen,6,1,1
565,peine saca rastas,0,0,0,430,0,0,22,Sin imagen,0,1,1
566,previcox 227mg,0,0,0,68,0,0,22,Sin imagen,0,1,1
567,Adimitraz,0,0,0,110,0,0,22,Sin imagen,11,1,1
568,adipet suspension,0,0,0,295,0,0,22,Sin imagen,0,1,1
569,AdministraciÃ³n medicaciÃ³n,0,0,0,250,0,0,22,Sin imagen,0,1,1
570,Cuota mutual 3+ mascotas,0,0,0,1180,0,0,22,Sin imagen,0,1,1
571,Allercalm 250mL,0,0,0,931,0,0,22,Sin imagen,0,1,1
572,ISOFLUORANO,0,0,0,756,0,0,0,Sin imagen,0,1,1
573,GASAS,0,0,0,50,0,0,22,Sin imagen,0,1,1
574,Allerderm Spot On hasta 10kg caja x 6,0,0,0,1155,0,0,22,Sin imagen,0,1,1
575,consulta emergencia a domicilio maldonado,0,0,0,4560,0,0,22,Sin imagen,0,1,1
576,allermyl glyco,0,0,0,1060,0,0,22,Sin imagen,0,1,1
577,Alquiler Ropa Quirurgica,0,0,0,450,0,0,22,Sin imagen,0,1,1
578,ARNES CON CORREA ESTAMPADO,0,0,0,290,0,0,22,Sin imagen,2,1,1
579,PAÃ‘ALES TRES SEC UNIDAD 60X40,0,0,0,25,0,0,22,Sin imagen,0,1,1
580,plato acero 26cm  celeste/naranja,0,0,0,190,0,0,22,Sin imagen,0,1,1
581,extraccion de clavos,0,0,0,1800,0,0,22,Sin imagen,0,1,1
582,Limpieza oÃ­dos/sacos anales,0,0,0,450,0,0,22,Sin imagen,0,1,1
583,vita-k iny frasco 50ml,0,0,0,910,0,0,0,Sin imagen,0,1,1
584,HONORARIO CIRUGIA,0,0,0,1000,0,0,22,Sin imagen,0,1,1
585,QUIROFANO,0,0,0,1000,0,0,22,Sin imagen,0,1,1
586,pelota maciza roja,0,0,0,300,0,0,22,Sin imagen,0,1,1
587,hueso 12 cm ,0,0,0,150,0,0,22,Sin imagen,0,1,1
588,hueso 20cm,0,0,0,250,0,0,22,Sin imagen,0,1,1
589,hueso extra grande,0,0,0,250,0,0,22,Sin imagen,0,1,1
590,pretal adiestramiento S,0,0,0,295,0,0,22,Sin imagen,0,1,1
591,Amixane Jabon,0,0,0,515,0,0,22,Sin imagen,14,1,1
592,amonemia,0,0,0,1500,0,0,22,Sin imagen,0,1,1
593,Apetipet Jarabe,0,0,0,575,0,0,22,Sin imagen,4,1,1
594,Paniales TRIXIE x10,0,0,0,421,0,0,22,Sin imagen,0,1,1
595,pretal adiestramiento M,0,0,0,320,0,0,22,Sin imagen,0,1,1
596,artrin blister x6 comp,0,0,0,275,0,0,22,Sin imagen,20,1,1
597,Asistencia Parto,0,0,0,4600,0,0,22,Sin imagen,0,1,1
598,RIMADYL 75MG,0,0,0,60,0,0,22,Sin imagen,0,1,1
599,pretal adiestramiento L,0,0,0,360,0,0,22,Sin imagen,0,1,1
600,AUTOTRANSFUSION,0,0,0,2800,0,0,22,Sin imagen,0,1,1
601,pretal adiestramiento XL,0,0,0,400,0,0,22,Sin imagen,0,1,1
602,carboplatino,0,0,0,1400,0,0,10,Sin imagen,0,1,1
603,pretal estampado XL,0,0,0,350,0,0,22,Sin imagen,0,1,1
604,Bactrovet plata Chico 146grm,0,0,0,350,0,0,0,Sin imagen,31,1,1
605,jaula transportadora gris chica,0,0,0,850,0,0,22,Sin imagen,0,1,1
606,pretal estampado L,0,0,0,320,0,0,22,Sin imagen,0,1,1
607,BANACEP 20 BLISTER 14 COMP,0,0,0,1540,0,0,22,Sin imagen,0,1,1
608,pretal estampado M,0,0,0,260,0,0,22,Sin imagen,0,1,1
609,correa + collar ,0,0,0,280,0,0,22,Sin imagen,0,1,1
610,bio kitty piedritas,0,0,0,435,0,0,22,Sin imagen,0,1,1
611,pretal estampado S,0,0,0,230,0,0,22,Sin imagen,0,1,1
612,bozal silicona ,0,0,0,350,0,0,22,Sin imagen,0,1,1
613,Eukanuba puppy SB 3k,0,0,0,1110,0,0,22,Sin imagen,2,1,1
614,pelota silicona roja,0,0,0,300,0,0,22,Sin imagen,0,1,1
615,FUNCIONAL HEPATICO,0,0,0,1590,0,0,22,Sin imagen,0,1,1
616,bisolvon 1cc,0,0,0,20,0,0,0,Sin imagen,0,1,1
617,ENZIMOGRAMA HEPATICO,0,0,0,1140,0,0,22,Sin imagen,0,1,1
618,Bitter Max,0,0,0,440,0,0,22,Sin imagen,3,1,1
619,ENZIMAS MUSCULAR,0,0,0,1170,0,0,22,Sin imagen,0,1,1
620,bravecto 20-40,0,0,0,1960,0,0,22,Sin imagen,54,1,1
621,arnes rojo chico,0,0,0,280,0,0,22,Sin imagen,0,1,1
622,broadline 2.5 -7.5kg,0,0,0,645,0,0,22,Sin imagen,10,1,1
623,arnes london SM + correa,0,0,0,855,0,0,22,Sin imagen,0,1,1
624,arnes S-M,0,0,0,890,0,0,22,Sin imagen,0,1,1
625,Brok 600,0,0,0,870,0,0,22,Sin imagen,2,1,1
626,PERFIL LIPIDICO,0,0,0,1415,0,0,22,Sin imagen,0,1,1
627,lanza pelota,0,0,0,270,0,0,22,Sin imagen,0,1,1
628,cuerda con mordillo,0,0,0,360,0,0,22,Sin imagen,0,1,1
629,cuerda grande con mordillo,0,0,0,420,0,0,22,Sin imagen,0,1,1
630,cuerda con pelota doble,0,0,0,440,0,0,22,Sin imagen,0,1,1
631,cuerda con mordillo,0,0,0,405,0,0,22,Sin imagen,0,1,1
632,cuerda c pelota rosada,0,0,0,330,0,0,22,Sin imagen,0,1,1
633,cuerda con pelota ,0,0,0,245,0,0,22,Sin imagen,0,1,1
634,dona,0,0,0,230,0,0,22,Sin imagen,0,1,1
635,hueso dispensador,0,0,0,270,0,0,22,Sin imagen,0,1,1
636,kit mamadera ,0,0,0,275,0,0,22,Sin imagen,0,1,1
637,Correa ,0,0,0,580,0,0,22,Sin imagen,0,1,1
638,piola con nudo 48cm,0,0,0,275,0,0,22,Sin imagen,0,1,1
639,DENTAL CARE ,0,0,0,450,0,0,22,Sin imagen,0,1,1
640,corta unias S,0,0,0,360,0,0,22,Sin imagen,0,1,1
641,manopla ,0,0,0,490,0,0,22,Sin imagen,0,1,1
642,toallitas humedas chicas ,0,0,0,115,0,0,22,Sin imagen,0,1,1
643,correa wild travel,0,0,0,390,0,0,22,Sin imagen,0,1,1
644,arnes wild s,0,0,0,590,0,0,22,Sin imagen,0,1,1
645,correa wild travel S/m,0,0,0,390,0,0,22,Sin imagen,0,1,1
646,arnes wild S,0,0,0,590,0,0,22,Sin imagen,0,1,1
647,arnes wild,0,0,0,790,0,0,22,Sin imagen,0,1,1
648,Dental Care Set ,0,0,0,430,0,0,22,Sin imagen,0,1,1
649,pet cleaning wipes,0,0,0,245,0,0,22,Sin imagen,0,1,1
650,correa urban style,0,0,0,400,0,0,22,Sin imagen,0,1,1
651,ARNES URBAN STYLE,0,0,0,490,0,0,22,Sin imagen,0,1,1
652,Juguete perro comida,0,0,0,275,0,0,22,Sin imagen,0,1,1
653,nose balm,0,0,0,245,0,0,22,Sin imagen,0,1,1
654,toallitas humedas x40,0,0,0,120,0,0,22,Sin imagen,0,1,1
655,Cepillo Bamboo M,0,0,0,460,0,0,22,Sin imagen,0,1,1
656,Cepillo Bamboo L,0,0,0,505,0,0,22,Sin imagen,0,1,1
657,cepillo para peinar,0,0,0,695,0,0,22,Sin imagen,0,1,1
658,bolsas para caca x8,0,0,0,295,0,0,22,Sin imagen,0,1,1
659,plato aluminio 355ml,0,0,0,230,0,0,22,Sin imagen,0,1,1
660,plato de aluminio 610ml,0,0,0,340,0,0,22,Sin imagen,0,1,1
661,pelota de algodon,0,0,0,165,0,0,22,Sin imagen,0,1,1
662,rascador para gatos,0,0,0,370,0,0,22,Sin imagen,0,1,1
663,flexyball S,0,0,0,200,0,0,22,Sin imagen,0,1,1
664,flexy ball L,0,0,0,420,0,0,22,Sin imagen,0,1,1
665,collar con monia,0,0,0,215,0,0,22,Sin imagen,0,1,1
666,chem15,0,0,0,2850,0,0,22,Sin imagen,0,1,1
667,Nogastrol,0,0,0,750,0,0,22,Sin imagen,0,1,1
668,PERFIL RENAL,0,0,0,1560,0,0,22,Sin imagen,0,1,1
669,Carbon Activado 10grms,0,0,0,15,0,0,22,Sin imagen,0,1,1
670,ursovet,0,0,0,990,0,0,22,Sin imagen,7,1,1
671,adiciper,0,0,0,110,0,0,0,Sin imagen,16,1,1
672,piedritas carecat/praticat,0,0,0,180,0,0,22,Sin imagen,0,1,1
673,bozal num 1 canasta,0,0,0,200,0,0,22,Sin imagen,3,1,1
674,piedra sanitaria catron,0,0,0,320,0,0,22,Sin imagen,0,1,1
675,bozal num 2 canasta,0,0,0,245,0,0,22,Sin imagen,0,1,1
676,Correa comun ancha,0,0,0,280,0,0,22,Sin imagen,0,1,1
677,Correa comun mediana,0,0,0,230,0,0,22,Sin imagen,0,1,1
678,daytona fantasy g20/120,0,0,0,610,0,0,22,Sin imagen,0,1,1
679,consulta emergencia domicilio (san carlos/la barra),0,0,0,4800,0,0,22,Sin imagen,0,1,1
680,bozal canasta 6,0,0,0,380,0,0,22,Sin imagen,2,1,1
681,bozal canasta 7,0,0,0,420,0,0,22,Sin imagen,0,1,1
682,chem 10,0,0,0,1575,0,0,22,Sin imagen,0,1,1
683,mascota adicional certificado,0,0,0,1050,0,0,22,Sin imagen,0,1,1
684,chem 17 ,0,0,0,3030,0,0,22,Sin imagen,0,1,1
685,MEPROMAZIN 10MG,0,0,0,38,0,0,22,Sin imagen,49,1,1
686,CHEM17,0,0,0,3030,0,0,22,Sin imagen,0,1,1
687,ciclocell,0,0,0,1765,0,0,22,Sin imagen,0,1,1
688,CITOLOGIA DRA. TERRA,0,0,0,2250,0,0,22,Sin imagen,0,1,1
689,PERFIL RENAL 2,0,0,0,2440,0,0,22,Sin imagen,0,1,1
690,clindabone,0,0,0,690,0,0,22,Sin imagen,4,1,1
691,kitten hills,0,0,0,1640,0,0,22,Sin imagen,0,1,1
692,cardiovet,0,0,0,520,0,0,22,Sin imagen,9,1,1
693,piedras sanitarias catron 4.35kg,0,0,0,310,0,0,22,Sin imagen,0,1,1
694,piedritas catron 8.75kg,0,0,0,620,0,0,22,Sin imagen,0,1,1
695,CLORHEXIDIN PLUS,0,0,0,935,0,0,22,Sin imagen,0,1,1
696,cobalamina o folato,0,0,0,1380,0,0,22,Sin imagen,0,1,1
697,colotrin pasta gato 80g,0,0,0,980,0,0,22,Sin imagen,0,1,1
698,granulado de madera 10kg,0,0,0,520,0,0,22,Sin imagen,0,1,1
699,Collar Scalibor 65cm,0,0,0,1110,0,0,22,Sin imagen,0,1,1
700,RUTINA PRE QUIRURGICA,0,0,0,2420,0,0,22,Sin imagen,0,1,1
701,collares chicos TODOS,0,0,0,200,0,0,22,Sin imagen,0,1,1
702,omeprazol,0,0,0,220,0,0,10,Sin imagen,0,1,1
703,colotrin pasta perro 200g,0,0,0,1730,0,0,22,Sin imagen,0,1,1
704,bolso transportador rosado,0,0,0,1600,0,0,22,Sin imagen,0,1,1
705,correa extensible Uruguaw,0,0,0,480,0,0,22,Sin imagen,0,1,1
706,mochila transportadora transparente,0,0,0,2450,0,0,22,Sin imagen,0,1,1
707,corte de unias,0,0,0,220,0,0,22,Sin imagen,0,1,1
708,collar isabelino blanco 25cm,0,0,0,350,0,0,22,Sin imagen,0,1,1
709,cuellitos todos,0,0,0,200,0,0,22,Sin imagen,0,1,1
710,collar isabelino blanco 30 cm,0,0,0,450,0,0,22,Sin imagen,0,1,1
711,curabichera fipro 100,0,0,0,270,0,0,0,Sin imagen,12,1,1
712,hueso 15cm,0,0,0,180,0,0,22,Sin imagen,0,1,1
713,cyclavance 50ml,0,0,0,4140,0,0,22,Sin imagen,0,1,1
714,PERFIL ONCOLOGICO,0,0,0,2160,0,0,22,Sin imagen,0,1,1
715,Dermacina,0,0,0,810,0,0,22,Sin imagen,0,1,1
716,dermodene,0,0,0,790,0,0,22,Sin imagen,0,1,1
717,Medetomidina 1ml,0,0,0,320,0,0,0,Sin imagen,0,1,1
718,proden polvo,0,0,0,2000,0,0,22,Sin imagen,0,1,1
719,Dexa 2 frasco 100cc,0,0,0,380,0,0,0,Sin imagen,0,1,1
720,Pro Den Plaque off 60g ,0,0,0,800,0,0,22,Sin imagen,0,1,1
721,difran 1cc,0,0,0,25,0,0,0,Sin imagen,0,1,1
722,dirofilaria immitis test knott,0,0,0,890,0,0,22,Sin imagen,0,1,1
723,diper dex,0,0,0,86,0,0,22,Sin imagen,0,1,1
724,DISPERSONA,0,0,0,105,0,0,0,Sin imagen,0,1,1
725,proden plaque off 120g,0,0,0,1200,0,0,22,Sin imagen,0,1,1
726,diurovet,0,0,0,560,0,0,22,Sin imagen,7,1,1
727,PERFIL GERIATRiCO,0,0,0,2340,0,0,22,Sin imagen,0,1,1
728,dominal max 20 - 40k,0,0,0,565,0,0,22,Sin imagen,0,1,1
729,pescado juguete,0,0,0,465,0,0,22,Sin imagen,0,1,1
730,Dominal max gatos mas de 4kg,0,0,0,335,0,0,22,Sin imagen,0,1,1
731,peluche c/pelota 18cm,0,0,0,470,0,0,22,Sin imagen,0,1,1
732,Doxipet caja 20 comprimidos,0,0,0,460,0,0,22,Sin imagen,4,1,1
733,juguete dental ,0,0,0,560,0,0,22,Sin imagen,0,1,1
734,ELECTROLITICA BALANC,0,0,0,240,0,0,0,Sin imagen,0,1,1
735,plato melamina S,0,0,0,385,0,0,22,Sin imagen,0,1,1
736,Lyte,0,0,0,860,0,0,22,Sin imagen,0,1,1
737,plato melamina XS,0,0,0,280,0,0,22,Sin imagen,0,1,1
738,endectocida BLISTER,0,0,0,440,0,0,22,Sin imagen,19,1,1
739,plato melamina M,0,0,0,590,0,0,22,Sin imagen,0,1,1
740,enzimax,0,0,0,925,0,0,22,Sin imagen,0,1,1
741,pelota silicona limpia dientes,0,0,0,370,0,0,22,Sin imagen,0,1,1
742,EQUILIBRIO GATO ADULTO 1.5KG,0,0,0,700,0,0,22,Sin imagen,7,1,1
743,pelota limpiadientes silicona chica,0,0,0,275,0,0,22,Sin imagen,0,1,1
744,EQUILIBRIO PUPPY 7.KG CRIADOR,0,0,0,1417,0,0,22,Sin imagen,0,1,1
745,eqvalan,0,0,0,1300,0,0,22,Sin imagen,17,1,1
746,eukanuba senior +7,0,0,0,3660,0,0,22,Sin imagen,0,1,1
747,plato doble  xs,0,0,0,340,0,0,22,Sin imagen,0,1,1
748,eukanuba senior 3k,0,0,0,1040,0,0,22,Sin imagen,2,1,1
749,excellent gato adulto 7.5,0,0,0,2175,0,0,22,Sin imagen,0,1,1
750,expectorante,0,0,0,380,0,0,22,Sin imagen,5,1,1
751,plato doble S,0,0,0,385,0,0,22,Sin imagen,0,1,1
752,felilax 40 gramos,0,0,0,490,0,0,22,Sin imagen,0,1,1
753,plato doble M,0,0,0,570,0,0,22,Sin imagen,0,1,1
754,FELIWAY CLASSIC,0,0,0,1200,0,0,22,Sin imagen,0,1,1
755,Fenobarbital inyectable por ampolla,0,0,0,565,0,0,10,Sin imagen,0,1,1
756,Fiprosules Spray,0,0,0,480,0,0,0,Sin imagen,1,1,1
757,flexapet,0,0,0,1585,0,0,22,Sin imagen,0,1,1
758,Feline fullspot 1 -2 kg,0,0,0,420,0,0,22,Sin imagen,0,1,1
759,Feline full spot 2 - 5 kg,0,0,0,490,0,0,22,Sin imagen,0,1,1
760,Feline fullspot + de 5kg ,0,0,0,540,0,0,22,Sin imagen,0,1,1
761,funda auto,0,0,0,800,0,0,22,Sin imagen,0,1,1
762,furosemida inyectable 1cc,0,0,0,35,0,0,0,Sin imagen,0,1,1
763,club g20/120 colours,0,0,0,575,0,0,22,Sin imagen,0,1,1
764,club g25/120 colours,0,0,0,740,0,0,22,Sin imagen,0,1,1
765,Juguete cabeza gatito chico,0,0,0,255,0,0,22,Sin imagen,0,1,1
766,GABABENTINA 300 X 1 COMP,0,0,0,57,0,0,10,Sin imagen,0,1,1
767,Juguete cabeza gatito mediano,0,0,0,299,0,0,22,Sin imagen,0,1,1
768,galletas gourmet,0,0,0,6,0,0,22,Sin imagen,0,1,1
769,Juguete cabeza gatito grande,0,0,0,345,0,0,22,Sin imagen,0,1,1
770,clorhexidin gingival,0,0,0,390,0,0,22,Sin imagen,0,1,1
771,Juguete Squeeze Munieco,0,0,0,155,0,0,22,Sin imagen,0,1,1
772,golosinas,0,0,0,5,0,0,22,Sin imagen,0,1,1
773,juguete pelota de cuerda,0,0,0,150,0,0,22,Sin imagen,0,1,1
774,K/d canino 12.5kg,0,0,0,8760,0,0,22,Sin imagen,0,1,1
775,Juguete cuerda con pelota,0,0,0,135,0,0,22,Sin imagen,0,1,1
776,Proplan HA canino 2kg,0,0,0,1112,0,0,22,Sin imagen,2,1,1
777,Juguete cuerda perro,0,0,0,135,0,0,22,Sin imagen,0,1,1
778,pelota dosificadora de comida goma,0,0,0,320,0,0,22,Sin imagen,0,1,1
779,manopla de goma,0,0,0,290,0,0,22,Sin imagen,0,1,1
780,pelota dosificadora de comida c/sonido,0,0,0,280,0,0,22,Sin imagen,0,1,1
781,hematon B12 1lt,0,0,0,915,0,0,0,Sin imagen,3,1,1
782,Juguete cuerda perro X,0,0,0,140,0,0,22,Sin imagen,0,1,1
783,HILLS KD CANINO 3.85,0,0,0,3130,0,0,22,Sin imagen,0,1,1
784,Hills k/d  Felino 1.8kg,0,0,0,2220,0,0,22,Sin imagen,1,1,1
785,juguete cuerda con nudo chico,0,0,0,135,0,0,22,Sin imagen,0,1,1
786,hueso 8cm,0,0,0,120,0,0,22,Sin imagen,0,1,1
787,juguete pez grande,0,0,0,615,0,0,22,Sin imagen,0,1,1
788,caninsulin x10,0,0,0,6200,0,0,22,Sin imagen,0,1,1
789,Iruxol,0,0,0,1500,0,0,22,Sin imagen,0,1,1
790,collar isabelino 12,0,0,0,22,0,0,5,Sin imagen,330,1,1
791,isabelino 15cm,0,0,0,370,0,0,22,Sin imagen,0,1,1
792,isabelino 20cm,0,0,0,500,0,0,22,Sin imagen,0,1,1
793,isabelino 25cm,0,0,0,550,0,0,22,Sin imagen,0,1,1
794,isabelino 30cm,0,0,0,685,0,0,22,Sin imagen,0,1,1
795,collar isabelino 7.5 ,0,0,0,245,0,0,22,Sin imagen,0,1,1
796,Collar Isabelino 15cm,0,0,0,370,0,0,22,Sin imagen,0,1,1
797,Collar Isabelino 20cm,0,0,0,510,0,0,22,Sin imagen,0,1,1
798,Isabelino Blando Gato,0,0,0,300,0,0,22,Sin imagen,0,1,1
799,itranic,0,0,0,950,0,0,22,Sin imagen,7,1,1
800,Transportadora colores chica,0,0,0,900,0,0,22,Sin imagen,0,1,1
801,jeringa,0,0,0,20,0,0,22,Sin imagen,0,1,1
802,k/d latas felino,0,0,0,340,0,0,22,Sin imagen,5,1,1
803,K/D CANINO 8KG,0,0,0,6000,0,0,22,Sin imagen,0,1,1
804,lata K/d 370g,0,0,0,400,0,0,22,Sin imagen,6,1,1
805,KD CANINO 12.5,0,0,0,8760,0,0,22,Sin imagen,0,1,1
806,Virbac Kidney Gato 3kg,0,0,0,2609,0,0,22,Sin imagen,0,1,1
807,excellent kitten 7.5,0,0,0,2371,0,0,22,Sin imagen,1,1,1
808,piedritas lager,0,0,0,110,0,0,22,Sin imagen,0,1,1
809,levavit 60tab,0,0,0,375,0,0,22,Sin imagen,12,1,1
810,levavit 120 tab,0,0,0,575,0,0,22,Sin imagen,2,1,1
811,suplemento nutricional lindopel,0,0,0,830,0,0,22,Sin imagen,1,1,1
812,marbocyl 80mg,0,0,0,690,0,0,22,Sin imagen,0,1,1
813,marbocyl 20mg,0,0,0,320,0,0,22,Sin imagen,18,1,1
814,meloxicam inyectable,0,0,0,120,0,0,22,Sin imagen,0,1,1
815,meloxicam gotas,0,0,0,635,0,0,22,Sin imagen,0,1,1
816,peluche con pelota,0,0,0,450,0,0,22,Sin imagen,0,1,1
817,monias,0,0,0,35,0,0,22,Sin imagen,0,1,1
818,barritas proteina,0,0,0,70,0,0,22,Sin imagen,0,1,1
819,juguete perro hueso silicona,0,0,0,330,0,0,22,Sin imagen,0,1,1
820,dispensador c/bolsas,0,0,0,140,0,0,22,Sin imagen,0,1,1
821,Musa aerosol,0,0,0,180,0,0,22,Sin imagen,0,1,1
822,my dog shampoo,0,0,0,430,0,0,22,Sin imagen,0,1,1
823,my dog perfumador,0,0,0,530,0,0,22,Sin imagen,0,1,1
824,juguete hueso silicona chico,0,0,0,250,0,0,22,Sin imagen,0,1,1
825,natural can cachorro,0,0,0,300,0,0,22,Sin imagen,0,1,1
826,neocidol curabicheras,0,0,0,440,0,0,22,Sin imagen,0,1,1
827,pelota 7.5 cm silicona con chifle ,0,0,0,290,0,0,22,Sin imagen,0,1,1
828,neptra ,0,0,0,2630,0,0,22,Sin imagen,0,1,1
829,Pelota 6.3cm,0,0,0,250,0,0,22,Sin imagen,0,1,1
830,NH3 AMONNIA,0,0,0,400,0,0,22,Sin imagen,0,1,1
831,Juguete mordillo perro estribo,0,0,0,415,0,0,22,Sin imagen,0,1,1
832,nikita P M arnes,0,0,0,1600,0,0,22,Sin imagen,0,1,1
833,Juguete mordillo lagrima,0,0,0,415,0,0,22,Sin imagen,0,1,1
834,nikita p S arnes,0,0,0,1480,0,0,22,Sin imagen,0,1,1
835,No lait 2,0,0,0,1185,0,0,22,Sin imagen,7,1,1
836,NOVO RAPID 1UI,0,0,0,3,0,0,10,Sin imagen,0,1,1
837,Juguete mordillo perro,0,0,0,415,0,0,22,Sin imagen,0,1,1
838,ocubiotic c/esteroides,0,0,0,515,0,0,0,Sin imagen,0,1,1
839,ONDANSETRON INYECTAB,0,0,0,280,0,0,10,Sin imagen,0,1,1
840,correa + collar S,0,0,0,450,0,0,22,Sin imagen,0,1,1
841,operfix,0,0,0,1200,0,0,22,Sin imagen,0,1,1
842,collar+correa M,0,0,0,565,0,0,22,Sin imagen,0,1,1
843,sobrecitos optimum,0,0,0,50,0,0,22,Sin imagen,0,1,1
844,pechera + correa s,0,0,0,680,0,0,22,Sin imagen,0,1,1
845,optilenel prolene 4/0,0,0,0,505,0,0,10,Sin imagen,0,1,1
846,correa+ pechera M,0,0,0,900,0,0,22,Sin imagen,0,1,1
847,optilene prolene 3/0,0,0,0,440,0,0,10,Sin imagen,0,1,1
848,otopet solucion,0,0,0,850,0,0,22,Sin imagen,0,1,1
849,pechera + correa L,0,0,0,1070,0,0,22,Sin imagen,0,1,1
850,oxigeno ,0,0,0,1200,0,0,0,Sin imagen,0,1,1
851,Panial Trixie x7,0,0,0,280,0,0,22,Sin imagen,0,1,1
852,Natural Bandage Spray,0,0,0,560,0,0,22,Sin imagen,0,1,1
853, Panic x100grm,0,0,0,150,0,0,22,Sin imagen,4,1,1
854,proteina c reactiva,0,0,0,1240,0,0,22,Sin imagen,0,1,1
855,Tear Stain and Spot Remover,0,0,0,390,0,0,22,Sin imagen,0,1,1
856,comedero alimentacion lenta 5 en 1 mediano,0,0,0,600,0,0,22,Sin imagen,0,1,1
857,perfil general 1 ,0,0,0,2660,0,0,22,Sin imagen,0,1,1
858,PHBR fenobarbital,0,0,0,1690,0,0,22,Sin imagen,0,1,1
859,pimocard 10,0,0,0,2270,0,0,22,Sin imagen,1,1,1
860,PLATO PASEO AGUA,0,0,0,250,0,0,22,Sin imagen,0,1,1
861,PERFIL BASICO,0,0,0,1540,0,0,22,Sin imagen,0,1,1
862,capa polar talle 1 20cm,0,0,0,175,0,0,22,Sin imagen,0,1,1
863,capa polar talle 10 65cm,0,0,0,410,0,0,22,Sin imagen,0,1,1
864,capa polar talle 11 70cm,0,0,0,440,0,0,22,Sin imagen,1,1,1
865,extraccion de sangre/aplicacion inyectable,0,0,0,250,0,0,22,Sin imagen,0,1,1
866,capa polar talle 12 75cm,0,0,0,475,0,0,22,Sin imagen,3,1,1
867,capa polar talle 13 80cm,0,0,0,475,0,0,22,Sin imagen,0,1,1
868,Pasta dental C.E.T,0,0,0,550,0,0,22,Sin imagen,2,1,1
869,capa polar talle 2 25cm,0,0,0,200,0,0,22,Sin imagen,0,1,1
870,capa polar talle 3 30cm,0,0,0,255,0,0,22,Sin imagen,0,1,1
871,capa polar talle 4 35cm,0,0,0,270,0,0,22,Sin imagen,0,1,1
872,Capa Polar talle 5 40cm,0,0,0,280,0,0,22,Sin imagen,0,1,1
873,capa polar talle 6 45 cm,0,0,0,310,0,0,22,Sin imagen,0,1,1
874,capa polar talle 7 50cm,0,0,0,345,0,0,22,Sin imagen,3,1,1
875,capa polar talle 8 55 cm,0,0,0,365,0,0,22,Sin imagen,4,1,1
876,capa polar talle 9 60cm,0,0,0,380,0,0,22,Sin imagen,3,1,1
877,cortavance,0,0,0,1730,0,0,22,Sin imagen,3,1,1
878,Polvo hemostatico,0,0,0,1350,0,0,22,Sin imagen,0,1,1
879,previcox 57,0,0,0,58,0,0,22,Sin imagen,50,1,1
880,aquadent,0,0,0,671,0,0,22,Sin imagen,0,1,1
881,propantelina,0,0,0,270,0,0,22,Sin imagen,2,1,1
882,PROPLAN GATO NF ADVANCED 1.5KG,0,0,0,1180,0,0,22,Sin imagen,0,1,1
883,CHAPITA,0,0,0,350,0,0,22,Sin imagen,0,1,1
884,eukanuba LB 3k,0,0,0,1040,0,0,22,Sin imagen,4,1,1
885,capa impermeable M,0,0,0,1000,0,0,22,Sin imagen,0,1,1
886,capa impermeable XL,0,0,0,1050,0,0,22,Sin imagen,0,1,1
887,capa impermeable XXL,0,0,0,1100,0,0,22,Sin imagen,0,1,1
888,arnes anti tiron ,0,0,0,890,0,0,22,Sin imagen,0,1,1
889,Excellent kitten 1kg,0,0,0,425,0,0,22,Sin imagen,0,1,1
890,Propofol 1ml,0,0,0,50,0,0,22,Sin imagen,0,1,1
891,pulgout pipeta gatos hasta 4kg,0,0,0,185,0,0,22,Sin imagen,24,1,1
892,Excellent urinary,0,0,0,412,0,0,22,Sin imagen,6,1,1
893,Pipeta Pulgout 5-10 kg,0,0,0,230,0,0,22,Sin imagen,6,1,1
894,Pulgout Shampoo,0,0,0,300,0,0,22,Sin imagen,1,1,1
895,Pulgout Spray,0,0,0,655,0,0,22,Sin imagen,0,1,1
896,pulgout pipeta gatos mas 4kg,0,0,0,200,0,0,22,Sin imagen,0,1,1
897,pulgout pipeta perros hasta 5kg,0,0,0,210,0,0,22,Sin imagen,9,1,1
898,ALBUMINA,0,0,0,285,0,0,22,Sin imagen,0,1,1
899,amigo flex,0,0,0,1080,0,0,22,Sin imagen,0,1,1
900,amigo calcio,0,0,0,945,0,0,22,Sin imagen,0,1,1
901,amigo vitaminas y minerales,0,0,0,930,0,0,22,Sin imagen,1,1,1
902,amigo vitaminas gatos,0,0,0,930,0,0,22,Sin imagen,0,1,1
903,pulgout pipeta perros 10 - 25kg,0,0,0,270,0,0,22,Sin imagen,26,1,1
904,pulgout pipeta perros mas de 40 kg,0,0,0,440,0,0,22,Sin imagen,9,1,1
905,pulgout pipeta perros 25 - 40kg,0,0,0,340,0,0,22,Sin imagen,21,1,1
906,Raffy (comida tortuga 22grms),0,0,0,210,0,0,22,Sin imagen,0,1,1
907,reverse 1cc,0,0,0,95,0,0,0,Sin imagen,0,1,1
908,repexxin chico a mediano,0,0,0,820,0,0,22,Sin imagen,0,1,1
909,sanp proBN,0,0,0,1660,0,0,22,Sin imagen,0,1,1
910,SDMA,0,0,0,1260,0,0,22,Sin imagen,0,1,1
911,SEDACION,0,0,0,800,0,0,22,Sin imagen,0,1,1
912,serenex difusor,0,0,0,1700,0,0,22,Sin imagen,0,1,1
913,Singestar anticonceptivo (caja x8comp),0,0,0,405,0,0,22,Sin imagen,1,1,1
914,Singestar MP Suspension x3ml,0,0,0,345,0,0,22,Sin imagen,0,1,1
915,snack desecados,0,0,0,250,0,0,22,Sin imagen,0,1,1
916,snap combo,0,0,0,1950,0,0,22,Sin imagen,0,1,1
917,Lipasa Pancreatica canina,0,0,0,1810,0,0,22,Sin imagen,0,1,1
918,SNAP PARVO,0,0,0,1810,0,0,22,Sin imagen,0,1,1
919,sonda nasogastrica,0,0,0,800,0,0,22,Sin imagen,0,1,1
920,bolsas para caca individual,0,0,0,55,0,0,22,Sin imagen,0,1,1
921,sulfapets,0,0,0,660,0,0,22,Sin imagen,12,1,1
922,Suprelorin implante ,0,0,0,3150,0,0,22,Sin imagen,0,1,1
923,Sutura herida pequenia,0,0,0,3800,0,0,22,Sin imagen,0,1,1
924,plato de acero rojo,0,0,0,280,0,0,22,Sin imagen,0,1,1
925,Levotiroxina T4 0.4mg (Blister),0,0,0,280,0,0,22,Sin imagen,10,1,1
926,ASTRO AZITROMICINA,0,0,0,720,0,0,10,Sin imagen,0,1,1
927,TEA LARVOX AEROSOL,0,0,0,720,0,0,22,Sin imagen,15,1,1
928,Farmacoletas (30 comprimidos),0,0,0,380,0,0,22,Sin imagen,0,1,1
929,Tears Lagrimas,0,0,0,425,0,0,22,Sin imagen,1,1,1
930,bidipet 3,0,0,0,830,0,0,22,Sin imagen,5,1,1
931,Timbre ATB/psicofarmacos,0,0,0,100,0,0,0,Sin imagen,0,1,1
932,TOLTRAZOL PLUS,0,0,0,680,0,0,22,Sin imagen,0,1,1
933,bidipet aceite de cannabis 10,0,0,0,1680,0,0,22,Sin imagen,0,1,1
934,comedero alimentacion lenta con orejitas,0,0,0,650,0,0,22,Sin imagen,0,1,1
935,snackball,0,0,0,630,0,0,22,Sin imagen,0,1,1
936,TRAMADOL 75MG,0,0,0,730,0,0,22,Sin imagen,0,1,1
937,transamina inyectable tranexamic,0,0,0,890,0,0,10,Sin imagen,6,1,1
938,Nexgard Spectra 15.1-30kg,0,0,0,960,0,0,22,Sin imagen,0,1,1
939,NexGard spectra 3.6-7.5kg,0,0,0,690,0,0,22,Sin imagen,23,1,1
940,Tritohexidin fraccionado,0,0,0,250,0,0,22,Sin imagen,0,1,1
941,Nexgard spectra 2 -3.5kg,0,0,0,550,0,0,22,Sin imagen,12,1,1
942,tubo para gato,0,0,0,1000,0,0,22,Sin imagen,0,1,1
943,enjuague bucal,0,0,0,490,0,0,22,Sin imagen,0,1,1
944,ultraplus,0,0,0,110,0,0,22,Sin imagen,0,1,1
945,uniletas gotas,0,0,0,510,0,0,22,Sin imagen,6,1,1
946,vacuna primera dosis para llevar,0,0,0,680,0,0,22,Sin imagen,0,1,1
947,procid,0,0,0,340,0,0,22,Sin imagen,0,1,1
948,shampoo dermaven,0,0,0,595,0,0,22,Sin imagen,3,1,1
949,cama corderito 50x50,0,0,0,860,0,0,22,Sin imagen,0,1,1
950,Diagnostico de Celulas Transicionales de Vejiga,0,0,0,3800,0,0,22,Sin imagen,0,1,1
951,clorhexidin extra forte,0,0,0,1040,0,0,22,Sin imagen,0,1,1
952,Vif PCR Lac al Norte,0,0,0,3294,0,0,22,Sin imagen,0,1,1
953,cama grande terracota,0,0,0,1390,0,0,22,Sin imagen,0,1,1
954,cama redonda corderito,0,0,0,1390,0,0,22,Sin imagen,0,1,1
955,Mini Adult 3kg (Royal Canin),0,0,0,2250,0,0,22,Sin imagen,0,1,1
956,ultra bom cucarachicida,0,0,0,210,0,0,22,Sin imagen,0,1,1
957,ultra vigilante cucarachicida,0,0,0,365,0,0,22,Sin imagen,0,1,1
958,fumigator,0,0,0,710,0,0,22,Sin imagen,0,1,1
959,Collar Dominal para perros extra grande,0,0,0,970,0,0,22,Sin imagen,13,1,1
960,Collar Dominal cachorros y perros chicos,0,0,0,605,0,0,22,Sin imagen,0,1,1
961,Collar Dominal para perros medianos,0,0,0,635,0,0,22,Sin imagen,15,1,1
962,Collar Dominal para perros grandes,0,0,0,810,0,0,22,Sin imagen,1,1,1
963,shampoo dominal anti pulgas ,0,0,0,445,0,0,22,Sin imagen,0,1,1
964,talco dominal antipulgas,0,0,0,315,0,0,22,Sin imagen,14,1,1
965,bactrovet 420g,0,0,0,535,0,0,0,Sin imagen,0,1,1
966,ViLef PCR Lab Al Norte,0,0,0,3294,0,0,22,Sin imagen,0,1,1
967,vincristina,0,0,0,1360,0,0,10,Sin imagen,0,1,1
968,Virbac Kidney Gato 1.5kg,0,0,0,1386,0,0,22,Sin imagen,2,1,1
969,virbac urology gato 3k ,0,0,0,2353,0,0,22,Sin imagen,0,1,1
970,vita k,0,0,0,870,0,0,22,Sin imagen,5,1,1
971,basken suspension,0,0,0,295,0,0,22,Sin imagen,0,1,1
972,Basken doble 40 (Comprimido),0,0,0,70,0,0,22,Sin imagen,0,1,1
973,Basken doble 60 (comprimido),0,0,0,95,0,0,22,Sin imagen,0,1,1
974,Basken Doble 20 (comprimido),0,0,0,60,0,0,22,Sin imagen,0,1,1
975,Basken Plus (Comprimido),0,0,0,55,0,0,22,Sin imagen,28,1,1
976,Collar Dominal para gatos,0,0,0,595,0,0,22,Sin imagen,6,1,1
977,Serenex felino spray,0,0,0,1215,0,0,22,Sin imagen,0,1,1
978,serenex canino spray,0,0,0,1380,0,0,22,Sin imagen,0,1,1
979,serenex repuesto,0,0,0,1300,0,0,22,Sin imagen,0,1,1
980,serenex 25ml ,0,0,0,510,0,0,22,Sin imagen,0,1,1
981,repexxin collar,0,0,0,1100,0,0,22,Sin imagen,4,1,1
982,Eukanuba Puppy Large Breed 15kg,0,0,0,3740,0,0,22,Sin imagen,1,1,1
983,Eukanuba Adult Small Breed 3kg,0,0,0,1040,0,0,22,Sin imagen,1,1,1
984,Eukanuba Adult Medium Breed 3kg,0,0,0,1000,0,0,22,Sin imagen,1,1,1
985,dentastix 77g,0,0,0,130,0,0,22,Sin imagen,11,1,1
986,Biscrok pedigree,0,0,0,85,0,0,22,Sin imagen,0,1,1
987,Iams Puppy Large Breed 3kg,0,0,0,900,0,0,22,Sin imagen,0,1,1
988,Iams Puppy Large Breed 15kg,0,0,0,2980,0,0,22,Sin imagen,4,1,1
989,vita k,0,0,0,870,0,0,22,Sin imagen,5,1,1
990,vita k,0,0,0,870,0,0,22,Sin imagen,5,1,1
991,vita k,0,0,0,870,0,0,22,Sin imagen,5,1,1
992,vita k,0,0,0,870,0,0,22,Sin imagen,5,1,1
993,Ciclosporina gotas,0,0,0,490,0,0,22,Sin imagen,0,1,1
994,azodyl,0,0,0,85,0,0,22,Sin imagen,0,1,1
995,malla acido poliglicolico,0,0,0,12100,0,0,10,Sin imagen,0,1,1
996,A/D (Hills),0,0,0,340,0,0,22,Sin imagen,35,1,1
997,c/d felino 1.8kg,0,0,0,2030,0,0,22,Sin imagen,0,1,1
998,corta unias chico akio,0,0,0,100,0,0,22,Sin imagen,0,1,1
999,giacoccide verde,0,0,0,425,0,0,22,Sin imagen,0,1,1
1000,giacoccide amarillo,0,0,0,275,0,0,22,Sin imagen,0,1,1
1001,toallitas humedas ,0,0,0,245,0,0,22,Sin imagen,0,1,1
1002,Apoquel 3.6mg (Caja),0,0,0,1447,0,0,22,Sin imagen,4,1,1
1003,Clavaseptin 250mg (Blister),0,0,0,510,0,0,22,Sin imagen,1,1,1
1004,ACIDO FOLICO/ FOLATO,0,0,0,2040,0,0,22,Sin imagen,0,1,1
1005,VITAMINA B12/ COBALAMINA,0,0,0,2040,0,0,22,Sin imagen,0,1,1
1006,rcp,0,0,0,2200,0,0,22,Sin imagen,0,1,1
1007,club g10/120  colours,0,0,0,390,0,0,22,Sin imagen,0,1,1
1008,Cryptoccosis neoformans Imunocromatografia,0,0,0,1590,0,0,22,Sin imagen,0,1,1
1009,CENTRIFUGACION,0,0,0,1240,0,0,22,Sin imagen,0,1,1
1010,AMILASA,0,0,0,700,0,0,22,Sin imagen,0,1,1
1011,club c10/32 colours,0,0,0,270,0,0,22,Sin imagen,0,1,1
1012,LIPASA ESPECIFICA CANINA,0,0,0,1680,0,0,22,Sin imagen,0,1,1
1013,LIPASA ESPECIFICA FELINA,0,0,0,1680,0,0,22,Sin imagen,0,1,1
1014,ELASTASA CANINA,0,0,0,3980,0,0,22,Sin imagen,0,1,1
1015,ORINA COMPLETA,0,0,0,800,0,0,22,Sin imagen,0,1,1
1016,ANALISIS DE CALCULOS URINARIOS,0,0,0,1950,0,0,22,Sin imagen,0,1,1
1017,Clavaseptin 500mg (Blister),0,0,0,710,0,0,22,Sin imagen,2,1,1
1018,INDICE PROTEINURIA/ CREATINURIA,0,0,0,1500,0,0,22,Sin imagen,0,1,1
1019,comedero alimentacion lenta,0,0,0,350,0,0,22,Sin imagen,0,1,1
1020,FENOBARBITAL LACTIVET,0,0,0,4000,0,0,22,Sin imagen,0,1,1
1021,suero antitetanico,0,0,0,900,0,0,0,Sin imagen,0,1,1
1022,shampoo natural can 120cc,0,0,0,220,0,0,22,Sin imagen,0,1,1
1023,vitaton,0,0,0,1040,0,0,22,Sin imagen,25,1,1
1024,hematon B12 100cc,0,0,0,200,0,0,0,Sin imagen,3,1,1
1025,destorcedor,0,0,0,100,0,0,22,Sin imagen,0,1,1
1026,CITOQUIMICO DE LiQUIDOS CORPORALES,0,0,0,1950,0,0,22,Sin imagen,0,1,1
1027,HEMOGRAMA COMPLETO,0,0,0,920,0,0,22,Sin imagen,0,1,1
1028,HEMATOCRITO,0,0,0,160,0,0,22,Sin imagen,0,1,1
1029,RECUENTO DE RETICULOCITOS,0,0,0,530,0,0,22,Sin imagen,0,1,1
1030,CRASIS SANGUINEA,0,0,0,1700,0,0,22,Sin imagen,0,1,1
1031,TIEMPO DE PROTROMBINA/ TROMBOPLASTINA/ FIBRINOGENO                                     ,0,0,0,831,0,0,22,Sin imagen,0,1,1
1032,DIROFILARIA IMMITIS,0,0,0,1600,0,0,22,Sin imagen,0,1,1
1033,INVESTIGACION DE HEMOPARASITOS,0,0,0,770,0,0,22,Sin imagen,0,1,1
1034,Peridona (Caja),0,0,0,640,0,0,22,Sin imagen,10,1,1
1035,INVESTIGACION ECTOPARASITOS,0,0,0,700,0,0,22,Sin imagen,0,1,1
1036,INVESTIGACION DE MALASSEZIA,0,0,0,800,0,0,22,Sin imagen,0,1,1
1037,COLLARES GRANDES TODOS,0,0,0,600,0,0,22,Sin imagen,0,1,1
1038,CITOLOGiA VETERINARIA DEL SOL,0,0,0,1600,0,0,22,Sin imagen,0,1,1
1039,COLPOCITOLOGiA,0,0,0,1590,0,0,22,Sin imagen,0,1,1
1040,jaula transportadora plastico gris + colores,0,0,0,800,0,0,22,Sin imagen,0,1,1
1041, TOMA DE MUESTRA PARA PAF,0,0,0,750,0,0,22,Sin imagen,0,1,1
1042,COLORACION GRAM,0,0,0,354,0,0,22,Sin imagen,0,1,1
1043,INVESTIGACION OTODECTES CYNOTIS,0,0,0,700,0,0,22,Sin imagen,0,1,1
1044,EXUDADO,0,0,0,1600,0,0,22,Sin imagen,0,1,1
1045,UROCULTIVOS,0,0,0,1740,0,0,22,Sin imagen,0,1,1
1046,HEMOCULTIVOS,0,0,0,2400,0,0,22,Sin imagen,0,1,1
1047,Otopic,0,0,0,830,0,0,22,Sin imagen,0,1,1
1048,LiQUIDOS DE PUNCION,0,0,0,1740,0,0,22,Sin imagen,0,1,1
1049,CULTIVO DE ANAEROBIOSIS,0,0,0,2650,0,0,22,Sin imagen,0,1,1
1050,DIRECTO Y CULTIVO MICOLOGICO,0,0,0,1680,0,0,22,Sin imagen,0,1,1
1051,COPROPARASITARIO HELMINTOS Y COCCIDIAS,0,0,0,700,0,0,22,Sin imagen,0,1,1
1052,INVESTIGACION GIARDIAS,0,0,0,915,0,0,22,Sin imagen,0,1,1
1053,INVESTIGACION TRICHOMONAS,0,0,0,1240,0,0,22,Sin imagen,0,1,1
1054,INVESTIGACION  AELUROSTRONGYLUS,0,0,0,970,0,0,22,Sin imagen,0,1,1
1055,COPROFUNCIONAL,0,0,0,1150,0,0,22,Sin imagen,0,1,1
1056,GIARDIAS DUODENALIS INMUNOCROMATOGRAFIA,0,0,0,1060,0,0,22,Sin imagen,0,1,1
1057,Adicipro,0,0,0,355,0,0,22,Sin imagen,5,1,1
1058,PROGESTERONA,0,0,0,2120,0,0,22,Sin imagen,0,1,1
1059,ESTRADIOL/ ESTROGENOS,0,0,0,2390,0,0,22,Sin imagen,0,1,1
1060,INSULINEMIA,0,0,0,2565,0,0,22,Sin imagen,0,1,1
1061,CORTISOL BASAL PLASMATICO,0,0,0,2120,0,0,22,Sin imagen,0,1,1
1062,TSH CANINO,0,0,0,1860,0,0,22,Sin imagen,0,1,1
1063,T4 LIBRE HUMANA Y T4 TOTAL CANINA,0,0,0,1790,0,0,22,Sin imagen,0,1,1
1064,PERFIL TIROIDEO/ HIPOTIROIDISMO,0,0,0,4780,0,0,22,Sin imagen,0,1,1
1065,PRUEBA DE ESTIMULACION CON ACTH,0,0,0,3180,0,0,22,Sin imagen,0,1,1
1066,PRUEBA DE SUPRESION CON DEXA A DOSIS BAJA,0,0,0,4070,0,0,22,Sin imagen,0,1,1
1067,RELACION CORTISOL/ CREATININA,0,0,0,2480,0,0,22,Sin imagen,0,1,1
1068,Adienro,0,0,0,355,0,0,22,Sin imagen,0,1,1
1069,ACTH,0,0,0,2210,0,0,22,Sin imagen,0,1,1
1070,RUTINA BIOQUiMICA CUSHING,0,0,0,2090,0,0,22,Sin imagen,0,1,1
1071,club g15/120 colours,0,0,0,485,0,0,22,Sin imagen,0,1,1
1072,daytona g15/120,0,0,0,570,0,0,22,Sin imagen,0,1,1
1073,RUTINA BIOQUiMICA ADDISON,0,0,0,2920,0,0,22,Sin imagen,0,1,1
1074,RELACION CORREGIDA DE INSULINA/ GLUCOSA,0,0,0,2830,0,0,22,Sin imagen,0,1,1
1075,daytona 15/35,0,0,0,520,0,0,22,Sin imagen,0,1,1
1076,TOXOPLASMOSIS TEST RAPIDO INMUNOCROMATOGRAFICO IgG,0,0,0,1415,0,0,22,Sin imagen,0,1,1
1077,TOXOPLASMOSIS TEST RAPIDO INMUNOCROMATOGRAFICO IgM-IgG FELINO,0,0,0,1770,0,0,22,Sin imagen,0,1,1
1078,TOXOPLASMOSIS INMUNOFLUORESCENCIA IgM-IgG  ,0,0,0,2945,0,0,22,Sin imagen,0,1,1
1079,Nexgard Spectra 7.6-15Kg,0,0,0,850,0,0,22,Sin imagen,20,1,1
1080,comedero naranja,0,0,0,320,0,0,22,Sin imagen,0,1,1
1081,Nexgard Spectra 30-60Kg,0,0,0,1100,0,0,22,Sin imagen,12,1,1
1082,Nexgard 2-4Kg,0,0,0,490,0,0,22,Sin imagen,9,1,1
1083,Nexgard 4.1-10Kg,0,0,0,600,0,0,22,Sin imagen,12,1,1
1084,Nexgard 10.1-25Kg,0,0,0,780,0,0,22,Sin imagen,0,1,1
1085,Nexgard 25.1-50Kg,0,0,0,930,0,0,22,Sin imagen,0,1,1
1086,Frontline Plus hasta 10Kg,0,0,0,330,0,0,22,Sin imagen,6,1,1
1087,Frontline gatos,0,0,0,297,0,0,22,Sin imagen,0,1,1
1088,Frontline 10-20Kg,0,0,0,515,0,0,22,Sin imagen,6,1,1
1089,Frontline 20-40Kg,0,0,0,540,0,0,22,Sin imagen,2,1,1
1090,Frontline 40-60Kg,0,0,0,760,0,0,22,Sin imagen,7,1,1
1091,Neospora IFI IgM-IgG,0,0,0,2945,0,0,22,Sin imagen,0,1,1
1092,Distemper TEST RAPIDO (antigeno),0,0,0,1590,0,0,22,Sin imagen,0,1,1
1093,Ringer Lactato,0,0,0,185,0,0,10,Sin imagen,0,1,1
1094,Hepatitis Infecciosa Canina,0,0,0,1505,0,0,22,Sin imagen,0,1,1
1095,Vif / Vilef,0,0,0,1680,0,0,22,Sin imagen,0,1,1
1096,Brucelosis O Leptospirosis MGAP DILAVE,0,0,0,975,0,0,0,Sin imagen,0,1,1
1097,Leishmania,0,0,0,1590,0,0,22,Sin imagen,0,1,1
1098,Erlichia canis / Anaplsma,0,0,0,1790,0,0,22,Sin imagen,0,1,1
1099,cryptococo neoformans,0,0,0,1595,0,0,22,Sin imagen,0,1,1
1100,BRAVECTO 20A40KG,0,0,0,1960,0,0,22,Sin imagen,0,1,1
1101,parvovirus,0,0,0,1240,0,0,22,Sin imagen,0,1,1
1102,parvovirus y coronavirus,0,0,0,1595,0,0,22,Sin imagen,0,1,1
1103,rotavirus,0,0,0,1240,0,0,22,Sin imagen,0,1,1
1104,distemper (Inmunocromatografia en exudados),0,0,0,1505,0,0,22,Sin imagen,0,1,1
1105,distemper y adenovirus,0,0,0,1595,0,0,22,Sin imagen,0,1,1
1106,jeringa alimantacion,0,0,0,90,0,0,22,Sin imagen,0,1,1
1107,Test tipificacion sanguinea canino,0,0,0,3000,0,0,22,Sin imagen,0,1,1
1108,test tipificacion sanguinea felino,0,0,0,3000,0,0,22,Sin imagen,0,1,1
1109,COLLAR,0,0,0,80,0,0,22,Sin imagen,0,1,1
1110,FLETE,0,0,0,205,0,0,22,Sin imagen,0,1,1
1111,VENDAS VETRAP,0,0,0,210,0,0,22,Sin imagen,0,1,1
1112,VENDA ALGODON,0,0,0,220,0,0,22,Sin imagen,0,1,1
1113,TIMBRE PROFESIONAL LABORATORIO,0,0,0,230,0,0,0,Sin imagen,0,1,1
1114,Timbre Profesional certificados,0,0,0,570,0,0,0,Sin imagen,0,1,1
1115,CONSULTA EMERGENCIA,0,0,0,3570,0,0,22,Sin imagen,0,1,1
